"Timestamp","Qual é a sua faixa etária? ","Qual é o seu sexo? ","Com qual frequência você utiliza computador?","Há quanto tempo você utiliza smartphone?","Com que frequência você utiliza smartphone para jogar?","Com que frequência você utiliza console de mesa para jogar?","Com que frequência você utiliza computador para jogar?","Você já jogou o jogo Guardian of Eternity?","Qual(is) o(s) gênero(s) de jogo(s) preferido(s)?","SESSÃO ID (Para uso do moderador)"
"2016/11/30 8:06:06 PM GMT","Entre 18 e 30 anos","Feminino","Entre 5 e 6 vezes por semana","Há mais de 2 anos","Menos de 2 vezes por semana","Menos de 2 vezes por semana","Menos de 2 vezes por semana","Não","Aventura;Jogos Casuais: cartas, candy crush e outros;Estratégia;Luta","sec_04"
"2016/12/01 4:20:17 PM GMT","Entre 18 e 30 anos","Masculino","7 vezes ou mais por semana","Há mais de 2 anos","Menos de 2 vezes por semana","Entre 2 e 4 vezes por semana","Menos de 2 vezes por semana","Não","Aventura;Estratégia","sec_05"
"2016/12/01 5:45:30 PM GMT","Entre 18 e 30 anos","Masculino","7 vezes ou mais por semana","Há mais de 2 anos","Nenhuma","Menos de 2 vezes por semana","Menos de 2 vezes por semana","Não","Corrida;Esporte;Simulação","sec_06"
"2016/12/02 11:37:44 AM GMT","Entre 18 e 30 anos","Masculino","7 vezes ou mais por semana","Há mais de 2 anos","Entre 2 e 4 vezes por semana","Entre 4 e 6 vezes por semana","Menos de 2 vezes por semana","Não","Aventura;Luta","sec_07"
"2016/12/02 11:45:12 AM GMT","Entre 18 e 30 anos","Feminino","7 vezes ou mais por semana","Entre 1 ano e 2 anos","Nenhuma","Nenhuma","Nenhuma","Não","Quebra-cabeça","sec_08"
"2016/12/02 12:00:04 PM GMT","Entre 18 e 30 anos","Feminino","7 vezes ou mais por semana","Há mais de 2 anos","Menos de 2 vezes por semana","Nenhuma","Nenhuma","Não","Aventura;Jogos Casuais: cartas, candy crush e outros","sec_09"
"2016/12/02 2:48:12 PM GMT","Entre 18 e 30 anos","Masculino","7 vezes ou mais por semana","Há mais de 2 anos","Nenhuma","Nenhuma","Nenhuma","Não","Aventura","sec_12"
"2016/12/02 5:58:50 PM GMT","Entre 18 e 30 anos","Masculino","7 vezes ou mais por semana","Há mais de 2 anos","Entre 2 e 4 vezes por semana","Menos de 2 vezes por semana","Entre 2 e 4 vezes por semana","Não","Aventura;Corrida;Estratégia;Luta;Simulação;RPG","sec_13"
"2016/12/02 6:13:39 PM GMT","Entre 18 e 30 anos","Masculino","Até 2 vezes por semana","Há mais de 2 anos","Menos de 2 vezes por semana","Nenhuma","Nenhuma","Não","Aventura;Jogos Casuais: cartas, candy crush e outros;Estratégia;Realidade Aumentada: Pokemon GO;Simulação","sec_10"
"2016/12/02 6:21:40 PM GMT","Entre 18 e 30 anos","Feminino","Entre 5 e 6 vezes por semana","Há mais de 2 anos","7 ou mais vezes por semana","Menos de 2 vezes por semana","Menos de 2 vezes por semana","Não","Jogos Casuais: cartas, candy crush e outros;Estratégia;Realidade Aumentada: Pokemon GO;Simulação","sec_11"