"Timestamp","Questões sobre Satisfação [Gostaria de utilizar este controle frequentemente]","Questões sobre Satisfação [Achei este controle complexo]","Questões sobre Satisfação [Achei fácil de utilizar este controle]","Questões sobre Satisfação [Precisaria de ajuda especializada para utilizar este controle]","Questões sobre Satisfação [Achei que as várias funções do controle estavam bem integradas]","Questões sobre Satisfação [Achei que havia muita inconsistência no controle]","Questões sobre Satisfação [Imagino que a maioria das pessoas aprenderia a utilizar este controle rapidamente]","Questões sobre Satisfação [Achei o controle muito incomodo de utilizar]","Questões sobre Satisfação [Me senti muito seguro utilizando este controle]","Questões sobre Satisfação [Precisaria aprender muitas coisas antes de utilizar este controle]","ID da Sessão  (para uso do moderador)"
"2016/11/30 4:11:34 PM GMT","Concordo","Neutro","Neutro","Discordo","Neutro","Discordo","Concordo","Discordo","Neutro","Discordo","sec_02"
"2016/11/30 4:22:54 PM GMT","Discordo fortemente","Concordo fortemente","Discordo fortemente","Concordo","Concordo","Concordo","Discordo fortemente","Discordo","Discordo fortemente","Concordo fortemente","sec_01"
"2016/11/30 6:41:26 PM GMT","Neutro","Concordo","Discordo","Discordo","Concordo","Concordo","Discordo","Neutro","Concordo","Concordo","sec_03"
"2016/11/30 8:06:50 PM GMT","Concordo","Discordo","Concordo fortemente","Discordo fortemente","Neutro","Discordo","Concordo","Discordo","Concordo","Discordo fortemente","sec_04"
"2016/12/01 4:25:27 PM GMT","Concordo","Neutro","Concordo","Neutro","Neutro","Discordo","Neutro","Discordo","Concordo","Neutro","sec_05"
"2016/12/01 5:46:10 PM GMT","Concordo","Concordo","Neutro","Discordo","Concordo","Discordo","Discordo","Discordo","Concordo","Concordo","sec_06"
"2016/12/02 11:43:17 AM GMT","Concordo","Discordo","Concordo fortemente","Discordo fortemente","Concordo fortemente","Discordo","Concordo","Discordo fortemente","Concordo fortemente","Discordo fortemente","sec_07"
"2016/12/02 11:53:52 AM GMT","Concordo","Discordo","Concordo","Discordo","Neutro","Discordo","Concordo","Discordo","Neutro","Discordo","sec_08"
"2016/12/02 12:02:56 PM GMT","Concordo","Discordo fortemente","Concordo","Discordo","Concordo","Discordo fortemente","Neutro","Discordo fortemente","Concordo fortemente","Discordo fortemente","sec_09"
"2016/12/02 6:02:20 PM GMT","Concordo","Discordo","Concordo","Discordo fortemente","Concordo","Discordo","Concordo","Discordo fortemente","Concordo","Discordo","sec_13"
"2016/12/02 6:08:07 PM GMT","Concordo fortemente","Discordo","Concordo fortemente","Discordo fortemente","Neutro","Discordo","Concordo fortemente","Discordo","Concordo","Discordo fortemente","sec_12"
"2016/12/02 6:17:01 PM GMT","Concordo","Discordo","Concordo","Discordo fortemente","Concordo","Discordo fortemente","Concordo","Discordo fortemente","Concordo","Discordo fortemente","sec_10"
"2016/12/02 6:29:08 PM GMT","Concordo fortemente","Discordo","Concordo","Discordo","Concordo fortemente","Discordo fortemente","Concordo fortemente","Discordo fortemente","Concordo","Discordo fortemente","sec_11"