"Timestamp","Questões sobre Satisfação [Gostaria de utilizar este controle frequentemente]","Questões sobre Satisfação [Achei este controle complexo]","Questões sobre Satisfação [Achei fácil de utilizar este controle]","Questões sobre Satisfação [Precisaria de ajuda especializada para utilizar este controle]","Questões sobre Satisfação [Achei que as várias funções do controle estavam bem integradas]","Questões sobre Satisfação [Achei que havia muita inconsistência no controle]","Questões sobre Satisfação [Imagino que a maioria das pessoas aprenderia a utilizar este controle rapidamente]","Questões sobre Satisfação [Achei o controle muito incomodo de utilizar]","Questões sobre Satisfação [Me senti muito seguro utilizando este controle]","Questões sobre Satisfação [Precisaria aprender muitas coisas antes de utilizar este controle]","ID da Sessão (para uso do moderador)"
"2016/11/30 4:07:29 PM GMT","Concordo fortemente","Discordo","Concordo","Discordo","Discordo","Neutro","Concordo","Discordo fortemente","Concordo","Discordo","sec_02"
"2016/11/30 4:21:58 PM GMT","Concordo fortemente","Discordo fortemente","Concordo fortemente","Discordo fortemente","Concordo fortemente","Discordo fortemente","Concordo fortemente","Discordo fortemente","Concordo fortemente","Concordo fortemente","sec_01"
"2016/11/30 6:31:14 PM GMT","Concordo fortemente","Discordo","Concordo fortemente","Neutro","Concordo","Discordo","Concordo fortemente","Discordo fortemente","Neutro","Discordo","sec_03"
"2016/11/30 8:10:10 PM GMT","Discordo","Concordo","Discordo","Concordo","Discordo","Neutro","Concordo","Concordo","Neutro","Discordo","sec_04"
"2016/12/01 4:21:11 PM GMT","Concordo","Discordo","Concordo","Neutro","Neutro","Discordo","Concordo","Discordo","Discordo","Neutro","sec_05"
"2016/12/01 5:48:43 PM GMT","Concordo fortemente","Concordo","Concordo fortemente","Concordo","Concordo fortemente","Discordo","Concordo fortemente","Discordo","Concordo","Concordo","sec_06"
"2016/12/02 11:40:56 AM GMT","Neutro","Discordo fortemente","Concordo","Discordo fortemente","Concordo fortemente","Discordo","Concordo","Discordo fortemente","Concordo","Discordo fortemente","sec_07"
"2016/12/02 11:57:03 AM GMT","Concordo","Discordo","Concordo","Discordo","Concordo","Discordo","Concordo","Discordo","Neutro","Discordo","sec_08"
"2016/12/02 12:00:47 PM GMT","Concordo","Discordo","Concordo","Discordo fortemente","Concordo","Discordo fortemente","Concordo","Discordo fortemente","Concordo","Discordo fortemente","sec_09"
"2016/12/02 6:05:09 PM GMT","Neutro","Discordo fortemente","Concordo fortemente","Discordo fortemente","Concordo","Neutro","Concordo","Neutro","Discordo","Discordo","sec_13"
"2016/12/02 6:08:40 PM GMT","Concordo fortemente","Discordo fortemente","Concordo fortemente","Discordo fortemente","Concordo","Discordo fortemente","Concordo fortemente","Discordo","Concordo","Discordo fortemente","sec_12"
"2016/12/02 6:14:24 PM GMT","Neutro","Discordo fortemente","Concordo fortemente","Discordo fortemente","Concordo","Discordo","Concordo fortemente","Discordo","Neutro","Discordo fortemente","sec_10"
"2016/12/02 6:24:38 PM GMT","Concordo","Neutro","Concordo","Discordo","Discordo","Discordo","Discordo","Neutro","Neutro","Discordo","sec_11"