timestamp,x,y,z
1479684173430992,0.625,-0.3125,0.25
1479684173453555,0.0625,-0.125,0.0625
1479684173474608,-0.375,-0.0625,0.375
1479684173491152,-0.375,0.0625,0.375
1479684173513712,0.0625,0.0625,0.25
1479684173534768,0.1875,0.0625,0.375
1479684173550810,0.125,0.0625,-0.0625
1479684173573370,-0.1875,-0.1875,0
1479684173594428,-0.1875,-0.0625,-0.3125
1479684173610970,0.5,-0.5625,-0.4375
1479684173633530,0.3125,0.25,0
1479684173654591,-0.3125,0.1875,0.25
1479684173671132,-0.375,0.375,-0.0625
1479684173693690,0.3125,-0.1875,-0.375
1479684173714746,0.4375,0.0625,-0.6875
1479684173730789,0.125,-0.0625,-0.4375
1479684173753349,0.0625,0.25,-0.0625
1479684173774405,0.1875,0,-0.25
1479684173790949,-0.0625,0.0625,0.0625
1479684173813509,-0.125,-0.125,-0.1875
1479684173834565,0.3125,-0.1875,-0.1875
1479684173857125,0.1875,-0.3125,-0.0625
1479684173873669,-0.0625,-0.125,0
1479684173895728,-1.5,0.0625,0.3125
1479684173910767,-1.0625,-0.25,0.8125
1479684173933328,0.5,-0.4375,1
1479684173955888,1.25,-0.0625,1
1479684173970928,1.1875,-0.375,0.875
1479684173993488,1.375,-2.0625,1.1875
1479684174016549,3.125,-2.25,0.25
1479684174031088,2.4375,-1.3125,-0.0625
1479684174053648,0.25,-0.5,0.375
1479684174076207,-0.5,-0.5625,0.4375
1479684174090245,1.6875,-1.625,-0.5
1479684174113307,3.6875,-0.75,-1.75
1479684174135867,1.125,0.4375,-2.25
1479684174156923,-0.875,0.5625,-1.625
1479684174173467,-0.5625,0.1875,-1.9375
1479684174196026,2.125,-0.6875,-1.625
1479684174210564,4.3125,-0.5,-1.3125
1479684174233627,3.9375,-0.0625,-0.375
1479684174256186,0.75,0.1875,0.125
1479684174270228,-0.125,-0.75,0.0625
1479684174293285,2.3125,-1.875,-0.1875
1479684174315845,3.4375,-1.25,0.3125
1479684174330384,1.6875,-0.125,1.0625
1479684174353445,-1.4375,0.25,3.0625
1479684174376005,-1.375,-0.3125,3.5
1479684174397061,1.1875,-0.9375,2.375
1479684174413605,2.625,-1.3125,2.0625
1479684174436167,1.9375,-1,1.8125
1479684174457221,1,-0.0625,2.0625
1479684174473264,3.0625,0.4375,1.3125
1479684174495823,1.5,0.0625,0
1479684174516880,0.0625,0.25,-0.5
1479684174533424,-1.4375,1.125,-1.375
1479684174555984,-0.8125,0.8125,-2.1875
1479684174577040,0.5,0.25,-2.1875
1479684174593584,1.6875,0,-2.25
1479684174616144,1.5,0.5,-2.1875
1479684174637200,1.125,0.6875,-1.5625
1479684174653242,-0.1875,0.8125,-1.5625
1479684174675802,-0.3125,0.5625,-2.125
1479684174696859,1.75,-0.3125,-1.9375
1479684174713403,2.5,-0.4375,-1.9375
1479684174735964,0.75,0.5625,-1.3125
1479684174757018,-0.5,0.6875,-1
1479684174773562,-0.75,0.375,-1.25
1479684174796122,0.3125,-0.1875,-0.875
1479684174817178,1.1875,0.25,-1.3125
1479684174833221,0.375,0.6875,-1.375
1479684174855788,0.625,0.1875,-1.25
1479684174878341,0.9375,-0.4375,-1.0625
1479684174893381,0.3125,-0.0625,-1
1479684174915942,0.9375,-0.125,-0.5625
1479684174944517,0.4375,0.0625,-0.1875
1479684174953544,-0.375,0.25,-0.3125
1479684174976106,0.1875,-0.0625,-0.125
1479684174998661,1.375,-0.25,-0.5625
1479684175012698,0.6875,0.125,-0.375
1479684175036264,-0.75,0.25,0.25
1479684175058320,-0.625,0.5,-0.4375
1479684175072859,0.375,0,-0.4375
1479684175095919,0.875,-0.0625,-0.6875
1479684175118483,0.5,-0.0625,0.0625
1479684175139536,-0.625,0.5625,0
1479684175156098,-0.25,0.375,-0.1875
1479684175178640,0.3125,-0.1875,-0.375
1479684175192677,0.125,0,-0.4375
1479684175216240,0.6875,0.1875,-0.0625
1479684175238307,0.5625,-0.1875,0
1479684175252838,-0.3125,0.0625,0.875
1479684175275899,-0.5,0.125,0.9375
1479684175298459,0.4375,0,0.375
1479684175312998,0,0.0625,0.0625
1479684175336060,-1.5,0.1875,0.0625
1479684175358619,-1.125,0.375,0.375
1479684175379675,-0.9375,0.4375,0.1875
1479684175395717,-0.375,0.0625,0.125
1479684175418277,0.625,0.0625,-0.1875
1479684175439333,-0.3125,0.25,-0.25
1479684175455878,-1.875,0.5625,0.375
1479684175478439,-0.875,0.25,0.375
1479684175499493,0.1875,0.1875,-0.1875
1479684175516037,0.125,0.25,0.0625
1479684175538598,-1.0625,0.25,0.5
1479684175559653,-1.0625,0.8125,0.3125
1479684175576197,-0.5625,0.4375,0.0625
1479684175598256,-1,0.375,0.25
1479684175619314,-0.625,0.3125,0.4375
1479684175635856,0.4375,0.1875,0.3125
1479684175658416,0.125,0.3125,0
1479684175679471,-1.5625,0.8125,0
1479684175696016,-1.9375,0.75,-0.3125
1479684175724591,-0.5625,0.3125,-0.3125
1479684175739631,0.0625,0.3125,-0.3125
1479684175756175,-0.3125,0.6875,-0.375
1479684175778735,-1.0625,0.8125,0.25
1479684175800797,-1.5625,0.5625,0.0625
1479684175815835,-0.5625,0.375,-0.1875
1479684175838395,0.6875,0.125,-0.0625
1479684175860954,-0.6875,0.375,0.0625
1479684175875997,-2,0.875,0.5625
1479684175898554,-2.625,1,0.6875
1479684175921115,-1.1875,0.25,0.875
1479684175935157,0.5,-0.1875,1
1479684175958714,-0.0625,0.1875,1.1875
1479684175980773,-1.375,0.5,1.625
1479684175995312,-2.5625,0.5625,1.875
1479684176018880,-1.375,-0.0625,1.5625
1479684176040933,0.375,-0.8125,1.0625
1479684176055471,0.6875,-0.625,1.375
1479684176078537,-1.6875,0.1875,1.8125
1479684176102599,-3.1875,0.3125,1.3125
1479684176115130,1.0625,-0.5625,0.8125
1479684176138693,0.75,1.5625,0
1479684176160751,-5,1.875,0.6875
1479684176175291,-3.1875,-0.375,1.125
1479684176198352,2,-1.125,0.0625
1479684176220912,2.8125,-0.25,0.0625
1479684176235453,-1.375,0.625,1
1479684176258513,-3.375,0.875,1.5625
1479684176281072,-1.75,0.875,-0.0625
1479684176302132,0.1875,0.25,-1.75
1479684176318675,0.375,-0.5,-2.125
1479684176341231,0.625,-0.5625,-1.5
1479684176361786,0.9375,0.5,-1.375
1479684176378331,-0.6875,1.0625,-1.5625
1479684176400891,-2.25,0.625,-1.6875
1479684176421946,-1.4375,0.0625,-1.6875
1479684176438491,1,0.125,-2.25
1479684176461051,1.125,-0.125,-2.625
1479684176482106,-1.625,0.3125,-2.125
1479684176498650,-2.0625,0.4375,-1.75
1479684176521212,-0.125,0,-1.375
1479684176541765,1.1875,-0.25,-1.125
1479684176558311,0,-0.0625,-1
1479684176580870,-1.5625,0.3125,-0.5625
1479684176601925,-1.4375,0,-0.875
1479684176618472,0,-0.3125,-0.8125
1479684176641029,0.9375,-0.5,-0.9375
1479684176662085,0.4375,-0.8125,0.0625
1479684176678629,-0.5,0.25,0.4375
1479684176701693,-1.375,0.25,0.4375
1479684176722252,-0.3125,-0.3125,0.25
1479684176738290,0.875,-0.8125,-0.125
1479684176760849,0.625,-0.625,-0.25
1479684176783407,-0.5,0.1875,-0.125
1479684176798447,-1.125,0.25,0.125
1479684176821008,-0.5,0.0625,-0.125
1479684176843568,0.3125,-0.1875,-0.5625
1479684176858608,0.125,-0.0625,-0.5
1479684176881168,-0.1875,-0.125,-0.5
1479684176910747,0,0.0625,-0.25
1479684176917766,0.5,0.0625,-0.375
1479684176940826,0.125,0.0625,-0.375
1479684176963386,-0.5625,0.25,-0.125
1479684176977925,0.0625,0,-0.375
1479684177000986,0.125,0.25,-0.4375
1479684177023546,0.375,0,-0.5625
1479684177037584,-0.1875,0.3125,-0.5
1479684177061147,-0.3125,0.25,-0.4375
1479684177083205,0.0625,0.125,-0.125
1479684177097744,0.375,0.0625,-0.4375
1479684177120805,0.0625,0.3125,-0.9375
1479684177143365,-1.25,0.5,-0.875
1479684177157903,-1.0625,0.25,-0.6875
1479684177180966,1.375,-0.5625,-1.125
1479684177203023,1.3125,-0.0625,-0.8125
1479684177217562,-0.75,0.25,-0.375
1479684177248645,-1,0.375,-0.6875
1479684177263686,0.125,0.0625,-0.875
1479684177293264,0.1875,0,-0.6875
1479684177306800,0.0625,-0.3125,-0.3125
1479684177323344,0.875,0.125,-0.3125
1479684177353424,0.1875,0.125,-0.25
1479684177360944,-1.1875,0.25,0.25
1479684177383504,-1.25,0.25,0.1875
1479684177404560,-0.1875,0.0625,0
1479684177421104,0.5,-0.125,-0.1875
1479684177443664,0.25,-0.0625,-0.1875
1479684177464720,-0.625,0.1875,-0.0625
1479684177480762,-0.4375,0.1875,0.125
1479684177503322,0.0625,-0.125,-0.3125
1479684177524378,0.4375,-0.125,-0.25
1479684177540923,-0.5625,0.1875,-0.1875
1479684177563483,-0.5,0,-0.0625
1479684177584539,-0.0625,0.125,-0.25
1479684177601082,-0.25,0.0625,-0.3125
1479684177623642,-0.1875,0.0625,0.1875
1479684177644698,0.125,-0.125,-0.1875
1479684177660741,-0.3125,-0.0625,-0.1875
1479684177683301,-0.6875,0.25,-0.0625
1479684177705863,-0.4375,0.125,-0.1875
1479684177720903,-0.25,0,-0.125
1479684177743461,0.1875,-0.125,0.0625
1479684177766021,0.8125,-0.125,-0.1875
1479684177781062,-0.0625,-0.125,-0.1875
1479684177811141,-1,0.125,-0.25
1479684177832213,-0.75,0.0625,-0.375
1479684177840219,0.5,-0.0625,-0.4375
1479684177863280,0.375,0.0625,-0.3125
1479684177885841,0.0625,0,-0.125
1479684177900379,0.375,-0.1875,-0.3125
1479684177923440,0.25,-0.0625,-0.5625
1479684177946000,-0.5625,0.3125,-0.375
1479684177960554,-1,0.25,0.3125
1479684177983600,0.875,0,0.0625
1479684178006159,1.125,-0.1875,-0.4375
1479684178020203,-0.75,0.25,-0.4375
1479684178043259,-1.5,0.4375,-0.25
1479684178065818,0.875,-0.1875,-0.3125
1479684178080357,1.0625,-0.3125,-0.4375
1479684178103418,-0.3125,0.125,-0.125
1479684178126481,-1,0.25,0.1875
1479684178140517,0.125,-0.0625,-0.1875
1479684178163579,0.125,-0.1875,-0.1875
1479684178186139,-0.5625,0.25,0
1479684178207194,-0.625,0.0625,-0.0625
1479684178223237,0.5,-0.125,0.125
1479684178253319,0.375,-0.0625,-0.1875
1479684178266853,0.125,-0.3125,-0.125
1479684178283399,0.0625,0.125,0.0625
1479684178305957,-0.9375,0.25,-0.0625
1479684178327013,-0.3125,0.25,0
1479684178343557,0.8125,-0.125,-0.5
1479684178366117,0.5,-0.1875,-0.375
1479684178387173,-0.1875,-0.0625,0
1479684178403717,-0.3125,0.0625,0.1875
1479684178425776,0.125,-0.125,-0.3125
1479684178446831,0.1875,-0.125,-0.125
1479684178463376,-0.25,0,-0.25
1479684178485937,-0.1875,0.1875,0
1479684178506992,0.4375,0.0625,-0.1875
1479684178523536,0.125,-0.1875,-0.1875
1479684178553616,0,0,-0.125
1479684178567152,-0.125,0.0625,-0.125
1479684178583194,0.1875,0,-0.3125
1479684178605769,0.3125,-0.125,-0.1875
1479684178626810,-0.0625,0,-0.1875
1479684178643856,-0.375,0.25,-0.1875
1479684178665915,-0.125,0.125,-0.1875
1479684178688474,0.125,-0.0625,-0.25
1479684178703514,0.0625,0.0625,-0.0625
1479684178726074,0,0.0625,-0.1875
1479684178748634,0.4375,-0.0625,-0.25
1479684178763674,0.3125,-0.1875,-0.4375
1479684178785734,-0.5,0.1875,-0.1875
1479684178808293,-0.5,0.1875,-0.1875
1479684178822831,0.625,0.0625,-0.0625
1479684178845897,0.625,0.0625,-0.0625
1479684178868456,-0.25,0.0625,-0.0625
1479684178882992,-0.125,0.0625,0.125
1479684178906053,0,0.0625,-0.1875
1479684178928613,-0.3125,0.0625,-0.125
1479684178942650,-0.0625,0.0625,-0.25
1479684178965712,0.3125,-0.3125,-0.125
1479684178988272,0.4375,0,-0.125
1479684179002813,0,0.1875,-0.25
1479684179025872,-0.9375,0.5,-0.125
1479684179048432,-0.5,0.0625,-0.0625
1479684179062971,1.1875,-0.5625,-0.125
1479684179086032,1.3125,-0.25,-0.25
1479684179108592,0.125,-0.125,-0.0625
1479684179122629,-1.4375,0.4375,0.375
1479684179145690,-1.375,0.25,0.0625
1479684179174266,0.3125,-0.0625,-0.3125
1479684179190811,1.1875,-0.6875,0
1479684179211866,0.4375,-0.5,0.625
1479684179229414,0,-0.0625,0.8125
1479684179249466,-0.625,0,0.625
1479684179266026,0.0625,-0.4375,0.4375
1479684179288571,0.5,-0.6875,0.625
1479684179311130,0.625,-0.6875,0.625
1479684179325669,1.4375,-0.5,0.875
1479684179348229,1.1875,-0.4375,1.3125
1479684179369284,-0.0625,-0.6875,1.5
1479684179385829,0.125,-0.6875,0.8125
1479684179408394,2.3125,-1.3125,0.0625
1479684179430950,3,-1.1875,-0.25
1479684179445989,0.5,-0.6875,0.625
1479684179468049,0.6875,-0.1875,0.6875
1479684179489605,0.6875,-0.5,-0.5
1479684179506149,1.4375,-1.0625,-0.5625
1479684179528209,-0.0625,0,-0.6875
1479684179549264,-0.4375,-0.0625,-1.4375
1479684179565809,1.5,-0.8125,-0.75
1479684179588369,2.125,-0.3125,-1.5625
1479684179610930,0.4375,-0.3125,-1.0625
1479684179616442,-0.5625,-0.0625,0
1479684179631482,1.8125,-0.9375,-0.4375
1479684179654043,2.6875,-0.9375,-0.6875
1479684179676101,0.875,0,-0.4375
1479684179691140,-1.1875,0.5,-1.375
1479684179713702,-1,0.3125,-1.125
1479684179736263,0,0.875,-2
1479684179752806,0.3125,0.5,-2.125
1479684179773860,0.1875,0.125,-1.1875
1479684179796421,0.0625,0.0625,-0.6875
1479684179812965,1.1875,0,-0.1875
1479684179834022,0.0625,0.3125,0
1479684179856080,-1.0625,0.0625,0.5
1479684179872624,-0.875,-0.5,1.0625
1479684179893679,0.3125,0.0625,0.875
1479684179916239,-1.9375,0.375,0.9375
1479684179932784,-1,1,0.3125
1479684179953840,-1,-0.625,0.625
1479684179976400,-1.625,0,0.9375
1479684179992944,-1,-0.5,0.6875
1479684180014001,0.6875,-0.125,1.5625
1479684180036559,-0.75,-0.25,1.1875
1479684180052604,-1.875,0.375,1.0625
1479684180073658,-0.9375,-0.3125,0.5625
1479684180096219,0.0625,-0.6875,0.0625
1479684180118778,-1,-0.1875,-0.25
1479684180133818,-0.9375,0.1875,0.0625
1479684180156385,-0.625,0.375,0.1875
1479684180172922,-0.1875,0.1875,0
1479684180193978,0,0.0625,-0.25
1479684180216538,-0.25,0.1875,-0.75
1479684180239098,-0.1875,0.125,-0.6875
1479684180253637,-0.5,0.5,-0.5625
1479684180276197,-0.0625,0.125,-0.5
1479684180292741,0.5,0.375,-0.5
1479684180313797,0.75,0.375,-0.5
1479684180336357,0.1875,0.4375,-0.625
1479684180354405,0.6875,0.25,-1
1479684180373957,-0.375,0.375,-1.375
1479684180396516,0.25,0.5,-1.3125
1479684180414064,1,0,-1.3125
1479684180433615,0.375,0.25,-1.0625
1479684180456176,-0.4375,0.3125,-0.9375
1479684180478736,0.375,0.125,-0.875
1479684180496784,0,0.1875,-0.9375
1479684180516336,0.625,-0.1875,-0.625
1479684180538895,0.9375,-0.125,-0.5
1479684180561455,0.5625,0,-0.5
1479684180576497,-0.0625,0,-0.25
1479684180598554,0.3125,0,-0.375
1479684180613594,0.5625,0,-0.3125
1479684180636154,-0.0625,0.125,-0.25
1479684180658714,0.125,-0.1875,-0.25
1479684180673754,0.5625,-0.25,-0.0625
1479684180696314,0.375,-0.0625,-0.0625
1479684180718875,-0.25,0,0
1479684180733914,-0.5625,-0.125,-0.0625
1479684180756474,0.1875,-0.1875,-0.1875
1479684180779034,0.4375,-0.1875,-0.0625
1479684180793573,0.5625,-0.0625,-0.125
1479684180817639,0.3125,-0.125,-0.125
1479684180838693,-0.0625,-0.125,-0.3125
1479684180853733,-0.125,-0.25,-0.1875
1479684180876296,0.0625,-0.1875,-0.1875
1479684180898853,0.3125,-0.0625,-0.3125
1479684180913893,-0.375,-0.25,-0.125
1479684180936454,-0.1875,-0.3125,0.375
1479684180959020,0.3125,-0.125,0.3125
1479684180973553,0.0625,0.125,0.3125
1479684180996111,-0.875,0.125,0.1875
1479684181018672,-0.1875,-0.125,0.0625
1479684181035219,0.5,-0.125,-0.125
1479684181056271,0.4375,-0.125,-0.3125
1479684181078832,-0.25,-0.1875,-0.4375
1479684181093890,-0.125,-0.3125,0
1479684181116433,0.0625,0.0625,0.125
1479684181138991,0.125,0,0
1479684181155034,0.3125,-0.125,0.0625
1479684181176090,-0.1875,-0.125,-0.1875
1479684181198650,-0.5,0,-0.375
1479684181215194,-0.0625,0,-0.3125
1479684181236250,0.25,0,-0.25
1479684181258810,0.8125,-0.1875,0.0625
1479684181275359,0,-0.0625,0.0625
1479684181296410,-0.625,0,0
1479684181318970,0.4375,-0.1875,0
1479684181335515,0.4375,-0.25,0.1875
1479684181356069,-0.3125,0.0625,0
1479684181378629,-0.5625,0,-0.3125
1479684181395173,0.3125,-0.125,-0.3125
1479684181416229,0.125,-0.25,-0.0625
1479684181438789,-0.375,0,0.1875
1479684181455333,-0.3125,0.1875,0.1875
1479684181476389,0,-0.0625,0.1875
1479684181498949,0.1875,-0.3125,-0.0625
1479684181516997,-0.1875,-0.25,-0.1875
1479684181536559,-0.3125,-0.375,-0.5625
1479684181558607,0.0625,-0.4375,-0.625
1479684181576656,-1,0.1875,-0.0625
1479684181596207,-0.75,0.125,0.125
1479684181618768,0.4375,0.25,0.5
1479684181636816,0.25,0.0625,0.4375
1479684181656367,-0.4375,-0.1875,0.0625
1479684181678928,0,-0.125,-0.125
1479684181696475,-0.375,0.0625,0.125
1479684181716026,-0.75,0.0625,0.375
1479684181738586,0,0,0.3125
1479684181756634,0.1875,-0.25,-0.3125
1479684181776186,-0.75,0.0625,-0.5
1479684181798746,-0.625,-0.0625,-0.1875
1479684181816795,0.875,0.125,0
1479684181836361,0.375,0.0625,0.125
1479684181858907,0.0625,0.0625,0.125
1479684181876954,0.3125,-0.0625,-0.375
1479684181896506,0.125,-0.0625,-0.3125
1479684181919067,-0.625,0.125,0
1479684181936614,0.375,-0.0625,0
1479684181956202,0.9375,-0.0625,0.125
1479684181978725,-0.25,-0.0625,0.0625
1479684182001304,-0.8125,0.0625,0.0625
1479684182016326,-0.125,-0.0625,-0.0625
1479684182038885,0.3125,-0.125,-0.1875
1479684182061444,0.0625,-0.1875,0.0625
1479684182078993,0.25,-0.1875,0.3125
1479684182098544,-0.25,0,0.0625
1479684182121104,-0.4375,0,0.375
1479684182137647,0,-0.0625,0.3125
1479684182158712,0.8125,-0.375,0
1479684182181263,-0.1875,0,0
1479684182197809,-1.6875,0.3125,0.1875
1479684182218866,0.1875,-0.125,-0.25
1479684182241423,1.1875,-0.3125,-0.375
1479684182257968,0.3125,-0.25,0.125
1479684182279030,-0.625,0.1875,-0.0625
1479684182301594,-0.5625,0.375,0.0625
1479684182317626,-0.0625,0.1875,0.125
1479684182338683,0.6875,-0.25,-0.375
1479684182361242,0.75,-0.0625,-0.125
1479684182377787,-0.5625,0.125,-0.125
1479684182398843,0.1875,0.1875,0
1479684182428923,0.375,-0.0625,-0.0625
1479684182438950,-0.4375,0.0625,0.25
1479684182459002,-0.0625,0,-0.0625
1479684182481061,0.1875,-0.0625,-0.25
1479684182499111,-0.1875,0.125,0
1479684182518663,0.125,0.1875,-0.0625
1479684182541221,0.3125,0.0625,0
1479684182559269,0.1875,0.0625,-0.1875
1479684182578822,0.1875,-0.1875,-0.3125
1479684182601383,0.3125,0,-0.4375
1479684182619434,-0.0625,0.125,0.1875
1479684182638989,-0.125,0.125,0.3125
1479684182661040,0.3125,0.0625,0.1875
1479684182679088,0.0625,0.0625,0
1479684182698640,-0.4375,-0.0625,0.0625
1479684182721200,-0.1875,0.0625,-0.125
1479684182739251,0.3125,-0.1875,0
1479684182760305,0,0.0625,0.0625
1479684182784372,0.5,0.0625,0.125
1479684182799408,-0.125,0.125,0.0625
1479684182818964,-0.5,0,0.1875
1479684182841520,0.125,0,-0.125
1479684182859066,1.0625,-0.3125,-0.3125
1479684182878618,0.0625,0.0625,-0.125
1479684182901183,-1,0.25,0.0625
1479684182919226,-0.3125,0.125,0.0625
1479684182938779,0.75,-0.0625,-0.0625
1479684182968859,0.4375,-0.125,-0.0625
1479684182979386,-0.0625,0.0625,0.25
1479684182998938,-0.25,0.1875,-0.0625
1479684183021499,-0.4375,0.125,0.0625
1479684183039045,0.3125,0,-0.25
1479684183060101,0.3125,-0.0625,-0.0625
1479684183082661,-0.125,0,0
1479684183099707,0.375,-0.375,-0.0625
1479684183120261,0.375,-0.1875,-0.25
1479684183141317,-0.5625,0.0625,0
1479684183159366,-0.875,0.1875,0.375
1479684183180421,-0.1875,0,0.125
1479684183201478,0.375,-0.125,-0.125
1479684183219026,-0.25,0,-0.125
1479684183240080,-0.5625,0.0625,-0.0625
1479684183268659,0,-0.1875,0.0625
1479684183279184,0.75,-0.125,-0.1875
1479684183300240,0.125,0.1875,0
1479684183321296,-0.75,0.125,0.125
1479684183339344,-0.75,0.125,0
1479684183360400,0.5625,-0.0625,-0.1875
1479684183381456,1,-0.125,-0.5
1479684183399005,-0.375,0.0625,-0.375
1479684183421562,-0.4375,0.0625,-0.1875
1479684183441115,0,0.1875,0
1479684183463674,0.5,-0.1875,-0.125
1479684183481724,0.25,0,0.125
1479684183501276,0.125,0.0625,-0.25
1479684183523835,-0.625,0,-0.375
1479684183541882,0.0625,0,-0.75
1479684183561435,0.625,-0.125,-0.625
1479684183583997,0.5,-0.25,-0.3125
1479684183601541,0.375,-0.0625,-0.25
1479684183621093,-0.125,0.0625,0.1875
1479684183643653,-0.125,0,0.125
1479684183661701,0.0625,-0.1875,0
1479684183681253,-0.1875,0,0.0625
1479684183703814,-0.375,0,0.1875
1479684183721861,-0.4375,0,0.125
1479684183741413,0,0,-0.1875
1479684183763972,0.625,-0.375,-0.0625
1479684183781520,0.0625,-0.125,-0.125
1479684183801073,-0.125,-0.0625,-0.125
1479684183823632,0.5,-0.3125,-0.1875
1479684183841680,0.3125,-0.1875,-0.125
1479684183862752,-0.375,0.125,-0.1875
1479684183891311,-0.5,0.125,0
1479684183901840,0.1875,-0.0625,-0.0625
1479684183921392,0.5,-0.25,-0.375
1479684183943951,0.875,-0.3125,-0.4375
1479684183961498,-0.0625,0.1875,0.0625
1479684183982556,-0.375,0.25,0.125
1479684184003610,0.25,0,-0.125
1479684184021660,0.4375,-0.25,-0.375
1479684184042714,0.0625,-0.125,-0.0625
1479684184063770,0.1875,0,-0.1875
1479684184081830,0.5,0.0625,-0.375
1479684184103878,-0.125,-0.125,-0.5
1479684184123930,-0.0625,-0.25,-0.1875
1479684184148998,1,-0.4375,-0.4375
1479684184162533,0.8125,-0.25,-0.5625
1479684184183590,-0.3125,-0.125,0.0625
1479684184201639,-0.4375,0.3125,0.0625
1479684184222693,0.25,-0.1875,-0.3125
1479684184243749,0.6875,-0.3125,-0.4375
1479684184261797,0,-0.1875,-0.1875
1479684184282853,0.125,-0.125,-0.0625
1479684184303909,0.375,-0.125,-0.25
1479684184321457,0.1875,-0.125,-0.125
1479684184344016,-0.125,0,-0.125
1479684184363568,-0.25,0.0625,-0.25
1479684184381615,0.5,-0.25,-0.1875
1479684184404176,0.625,-0.125,-0.25
1479684184425236,-0.375,0.1875,0.1875
1479684184449297,-0.5,0.125,0.0625
1479684184464336,-0.1875,-0.0625,0
1479684184483889,0.3125,-0.25,-0.0625
1479684184501936,0.25,-0.1875,0
1479684184523994,-0.375,0,0.0625
1479684184543546,-0.4375,0.125,0.125
1479684184561594,0,0,0.125
1479684184584159,0.0625,-0.0625,0.1875
1479684184603707,-0.125,-0.0625,0
1479684184621755,-0.1875,0.0625,0.1875
1479684184644314,-0.0625,-0.0625,0.25
1479684184663867,-0.125,0.0625,0
1479684184681413,-0.5,0,-0.0625
1479684184704475,-0.625,0.1875,0
1479684184723525,-0.375,-0.125,0.125
1479684184741573,0.8125,-0.125,0.125
1479684184764134,-0.25,-0.0625,0.0625
1479684184783686,-1.4375,0.25,0.375
1479684184801737,-0.625,0.0625,-0.0625
1479684184824295,0.625,-0.3125,-0.1875
1479684184843845,0.0625,-0.0625,0
1479684184861894,-1.1875,0.4375,0.3125
1479684184884455,-0.6875,0.375,0.1875
1479684184904005,0.0625,0.0625,0.125
1479684184926065,0,-0.125,-0.0625
1479684184944112,-0.6875,-0.125,0
1479684184965174,-0.75,-0.125,0.1875
1479684184986224,-0.3125,0.125,0.0625
1479684185004278,-0.125,0.0625,0.125
1479684185025328,-0.5625,-0.125,0.1875
1479684185046384,-0.4375,-0.0625,0.1875
1479684185064432,-0.25,0.125,-0.0625
1479684185092507,-0.5,0.125,-0.0625
1479684185106544,-0.375,-0.125,0.1875
1479684185124091,0.0625,-0.1875,0.25
1479684185146650,0.0625,0,0
1479684185166202,-0.75,-0.0625,0.1875
1479684185184255,-0.75,0,0.1875
1479684185205307,-0.4375,0.125,0.3125
1479684185226362,-0.375,0.125,0.1875
1479684185244410,-0.5625,0.0625,0.1875
1479684185264965,-0.4375,0.0625,0.375
1479684185286522,-0.25,-0.0625,0.1875
1479684185304070,-0.1875,-0.1875,0
1479684185326630,-0.375,0,0.0625
1479684185346181,-0.75,0.0625,0.4375
1479684185364229,-0.625,0.3125,0.5
1479684185386790,0,-0.1875,0.0625
1479684185406340,-0.125,0.125,-0.25
1479684185424389,-0.4375,0,0.0625
1479684185446448,-0.625,0.0625,0.125
1479684185466501,-0.3125,0,0.1875
1479684185484051,0,-0.0625,0.125
1479684185506608,-0.375,0.125,0.0625
1479684185533682,-0.5,0.1875,0
1479684185544209,-0.625,0,0
1479684185566771,0.1875,0,0.125
1479684185586320,0.125,0.0625,0
1479684185604368,-0.375,0.125,0.125
1479684185626426,-0.6875,0.3125,0.125
1479684185646479,-0.4375,-0.0625,0.0625
1479684185664026,-0.0625,-0.125,-0.0625
1479684185686586,0.0625,-0.25,0
1479684185706139,-0.1875,0,0.3125
1479684185724186,-0.6875,0.0625,0.1875
1479684185746747,-0.8125,0.25,0.4375
1479684185769306,-0.125,-0.0625,0.0625
1479684185784349,0,-0.125,0.1875
1479684185812922,-0.5625,0,0.25
1479684185826460,-0.625,0.0625,0.375
1479684185844005,-0.0625,-0.125,0.0625
1479684185866568,0,-0.125,0.1875
1479684185887621,-0.6875,0,0.1875
1479684185904167,-0.375,-0.0625,0.25
1479684185926725,-0.5625,0.125,0.1875
1479684185947782,-0.3125,0.125,0.1875
1479684185964327,0.0625,-0.0625,0.125
1479684185986886,-0.4375,-0.125,0.0625
1479684186007941,-0.6875,0.125,0.125
1479684186024988,-0.5,0.0625,0.1875
1479684186046544,-0.25,0.0625,0.25
1479684186067600,-0.25,0.1875,0.1875
1479684186091666,-0.5,0.25,0.125
1479684186106704,-0.625,0.0625,0.0625
1479684186127761,0,-0.25,-0.0625
1479684186144304,0.6875,-0.1875,-0.125
1479684186166867,-0.1875,0,0.125
1479684186187919,-1.0625,0.25,0.625
1479684186203963,-0.625,0.125,0.1875
1479684186226539,0.375,-0.1875,-0.1875
1479684186249083,-0.375,0.0625,-0.25
1479684186264122,-1.0625,0.125,0.25
1479684186286683,-0.125,0.0625,0.3125
1479684186309243,0.625,-0.125,0.125
1479684186324282,-0.0625,-0.0625,0.25
1479684186346842,-1.0625,0.125,0.25
1479684186369403,-0.9375,0.25,0.3125
1479684186388956,0.0625,0,0.25
1479684186406501,0.375,-0.125,0
1479684186434576,-0.3125,0,0.125
1479684186448613,-1.0625,0.1875,0.1875
1479684186465659,-0.6875,0.125,0.1875
1479684186488219,0.1875,-0.125,0.125
1479684186509275,0.125,0,0.0625
1479684186525818,-0.4375,0,0.25
1479684186548378,-0.6875,0.1875,0.3125
1479684186569437,-0.125,-0.0625,0
1479684186585979,0.3125,0.1875,-0.125
1479684186608538,0.375,-0.0625,-0.1875
1479684186629594,-0.25,0,0.125
1479684186645639,-0.6875,0.1875,0.25
1479684186668197,-0.5,0.0625,0.1875
1479684186689253,-0.1875,0,0.1875
1479684186705797,0.125,-0.125,0.0625
1479684186728366,-0.0625,-0.0625,0.1875
1479684186749413,-0.6875,0.1875,0.1875
1479684186765957,-0.25,0,0.1875
1479684186788518,0.3125,0,0.0625
1479684186809572,0.0625,-0.1875,0.125
1479684186826129,-0.625,0,0
1479684186848175,-0.5625,-0.125,0.25
1479684186869232,0.1875,-0.125,0.1875
1479684186885780,0,-0.375,0.125
1479684186908335,-0.125,-0.0625,0
1479684186929392,-0.125,-0.0625,0.125
1479684186946437,-0.3125,0.0625,0.1875
1479684186968497,-0.3125,-0.1875,0.1875
1479684186989588,-0.1875,-0.125,-0.0625
1479684187006096,-0.125,-0.125,0
1479684187028154,-0.3125,0.25,0.1875
1479684187049714,-0.5625,0.1875,0.125
1479684187065755,-0.0625,0.125,-0.125
1479684187088315,0,-0.125,0
1479684187109370,0.1875,0,-0.1875
1479684187125914,-0.3125,0.25,-0.3125
1479684187148474,-0.25,0.125,-0.3125
1479684187169530,0.25,-0.125,-0.25
1479684187185072,1.4375,-0.25,-0.6875
1479684187208634,0.5625,0.0625,-0.8125
1479684187230698,-0.125,0.375,-0.3125
1479684187245733,0.0625,0.25,-0.4375
1479684187268293,0.4375,0.125,-0.6875
1479684187290853,0.25,0.0625,-0.5625
1479684187305893,0.0625,-0.0625,-0.25
1479684187328453,0.25,-0.3125,0
1479684187351014,0.5625,0,0
1479684187365052,0.25,-0.1875,0.0625
1479684187388613,-0.0625,-0.125,0
1479684187410672,-0.8125,0.1875,0.0625
1479684187425212,-0.375,-0.0625,0
1479684187455792,0.75,-0.125,-0.1875
1479684187470834,0.625,-0.25,-0.3125
1479684187485371,-0.25,-0.125,-0.1875
1479684187508433,-0.6875,0,-0.125
1479684187531494,0.375,-0.125,-0.25
1479684187545029,0.125,0.1875,-0.0625
1479684187568592,-0.125,0.0625,-0.0625
1479684187590650,0,0.125,-0.0625
1479684187605189,0.4375,-0.125,-0.0625
1479684187628251,0.4375,-0.375,-0.1875
1479684187650812,-0.1875,0.125,0.125
1479684187671866,-0.1875,0.0625,0.0625
1479684187688411,-0.125,-0.125,0.125
1479684187710971,0.0625,-0.125,-0.0625
1479684187732027,-0.4375,-0.125,0
1479684187754587,0.1875,-0.125,-0.0625
1479684187770631,0.0625,-0.125,0.3125
1479684187791685,-0.0625,-0.0625,0.125
1479684187808229,-0.25,-0.125,0.0625
1479684187830789,0.1875,-0.25,-0.3125
1479684187851845,0.5,-0.1875,-0.1875
1479684187868389,-0.3125,0.25,-0.125
1479684187890949,-0.375,0.125,0.125
1479684187912006,0.6875,-0.25,0.1875
1479684187928550,0.0625,-0.25,0.125
1479684187951112,-1.6875,-0.125,-0.375
1479684187972165,-2.3125,-0.8125,-2.25
1479684187988208,-1.25,-3.9375,-5.9375
1479684188010769,8.3125,-4.5625,-3.6875
1479684188033329,4.75,-2.875,-1.3125
1479684188048367,-3.4375,-1.875,1.75
1479684188070927,-3.3125,-4.5,3.125
1479684188091483,17.3125,-18.75,-4.5
1479684188107525,52.3125,-21.4375,-8.125
1479684188131087,34.1875,-3.4375,-7.75
1479684188153147,4,3.3125,-3.0625
1479684188167688,-8.875,1.3125,4.125
1479684188190746,-8.875,7.375,6.8125
1479684188213308,-0.875,11.0625,10.5
1479684188227846,-11.875,17.5,15.5625
1479684188250908,-28.75,26.75,28.4375
1479684188273466,-40.375,33.375,39.6875
1479684188294523,-37.875,36.8125,51.75
1479684188311066,-36,38.875,66.625
1479684188333127,-40.625,36.4375,78.8125
1479684188354182,-50.875,32.1875,92.3125
1479684188370725,-60.625,29.5625,107
1479684188393285,-65.1875,22.5625,120.25
1479684188414341,-57.5625,9.375,128.813
1479684188430885,-44.3125,-4.375,133.063
1479684188453447,-42,-10.0625,130.688
1479684188474502,-43.625,-17.375,128.5
1479684188491047,-52.5,-23.625,131.875
1479684188513611,-64.8125,-28.625,135.063
1479684188534665,-75.375,-39,134.063
1479684188550705,-73.9375,-43.875,129.75
1479684188573264,-78.375,-50.6875,114.313
1479684188594320,-80.5,-48.1875,99.75
1479684188610865,-85.5625,-46.5,80.375
1479684188633424,-87.5625,-46.875,65.8125
1479684188654480,-114.438,-45.0625,45.625
1479684188671024,-116.063,-52.875,28.0625
1479684188693082,-113.875,-57.25,11.375
1479684188714639,-129.188,-56.625,-4.9375
1479684188730183,-154.75,-55.0625,-23.6875
1479684188753244,-169.688,-59.25,-43.75
1479684188774298,-171,-67.9375,-56.25
1479684188790863,-158.375,-67.9375,-62.3125
1479684188813402,-148.875,-61.625,-70.625
1479684188834481,-154,-59,-78.5
1479684188851002,-138.063,-54.625,-79.75
1479684188873562,-120.875,-44.625,-74.25
1479684188894619,-93.5625,-39.8125,-68.9375
1479684188910160,-78.9375,-38.125,-65.9375
1479684188933225,-64.875,-36.0625,-60.8125
1479684188954277,-48.375,-32.625,-54.875
1479684188970320,-37.375,-25.4375,-46.0625
1479684188993394,-38.0625,-16,-37.3125
1479684189014437,-36.5,-8.125,-33.125
1479684189029978,-11.4375,-1.5625,-26.8125
1479684189053541,9.1875,2.1875,-25.875
1479684189076106,14.5,11.5625,-25.4375
1479684189090138,13.25,18.5,-25.625
1479684189113199,20.75,22.375,-24.0625
1479684189135761,30.4375,26.875,-29.5
1479684189150301,34.5,32.3125,-32.6875
1479684189173360,20.3125,41.8125,-37.5
1479684189195920,11,40.5,-45.0625
1479684189209957,14.125,28.6875,-52.875
1479684189233524,17.6875,25.125,-53.875
1479684189256080,22.0625,23.5625,-53.625
1479684189277135,18.375,29.6875,-49.75
1479684189293179,25.625,37.8125,-55.75
1479684189315741,38.4375,40.625,-59.75
1479684189336794,68.6875,34.6875,-64.25
1479684189353350,69.4375,45.6875,-61.375
1479684189376400,50.75,55.25,-55.3125
1479684189396955,50.8125,52.625,-54.0625
1479684189419515,58.4375,54.0625,-45.8125
1479684189436059,63.6875,60.5,-35.75
1479684189457114,47.5625,70.5625,-21.375
1479684189473157,42.875,70.5,-28.3125
1479684189495718,64.625,66.625,-32.625
1479684189516778,75.4375,62.125,-29.4375
1479684189533326,77.1875,66.5,-17.875
1479684189555877,53.8125,76.375,-5.5
1479684189576934,55.125,67.8125,-17.375
1479684189593479,68.875,58.8125,-27
1479684189616043,67.5625,54.125,-26.25
1479684189637093,54.5625,58.5625,-19.5
1479684189653136,51.3125,60.0625,-23.9375
1479684189675696,55.1875,61.5625,-29.125
1479684189696752,49,59.3125,-37.75
1479684189713296,45.875,57.5,-40.75
1479684189735858,30.4375,45.75,-52.25
1479684189756913,19.625,37.3125,-55.125
1479684189772453,3.0625,35.25,-53.875
1479684189796015,10,24.1875,-61.5
1479684189819579,20.6875,18.0625,-64.375
1479684189832617,10.1875,23.0625,-55.375
1479684189855679,-2.875,29.75,-37.4375
1479684189876767,-17.25,38.5,-20.0625
1479684189892773,-22.6875,44.625,-9.375
1479684189915836,-16.5,48.75,-1.75
1479684189936928,-7.0625,53.75,5.625
1479684189952933,-3.1875,59.9375,13.3125
1479684189975994,-7,66.5,21.1875
1479684189997088,-12.3125,71.125,26.9375
1479684190012593,-11.25,73.5,31.6875
1479684190035662,-7.125,73.0625,35.0625
1479684190058213,-5.6875,74.25,38.0625
1479684190072752,-10.5625,75.3125,38.5
1479684190095813,-9.0625,71.9375,38.25
1479684190118373,-9.4375,69.1875,39.0625
1479684190139443,-9.9375,66.9375,43.125
1479684190155975,-15.75,65.875,46.9375
1479684190178535,-18.9375,65.5625,48.5625
1479684190199592,-16.8125,62.25,48.875
1479684190216136,-12,61.75,49.625
1479684190238192,-14.9375,63,50.25
1479684190259247,-17.0625,61.8125,53.75
1479684190275792,-19.125,64.25,57.25
1479684190298352,-19.8125,65.25,57.4375
1479684190319430,-14,63.3125,55
1479684190335953,-5.25,63.0625,50.625
1479684190358511,-2.25,62.375,48.4375
1479684190379568,-3.6875,62.5625,47.6875
1479684190395611,-8.8125,62.625,46.75
1479684190418170,-8.6875,60.1875,46
1479684190439226,-3.5,59,41.625
1479684190455772,1.6875,56.375,37.3125
1479684190478331,4.375,52.9375,34.625
1479684190506906,3.125,49.125,33.4375
1479684190515934,3.6875,44.125,31.6875
1479684190538491,7.0625,40.875,30.8125
1479684190559546,8.25,35.6875,29.25
1479684190576090,9.5,29.9375,29.1875
1479684190598149,11.375,25.625,27
1479684190619205,11.625,21.4375,21.75
1479684190635750,8.125,14.125,18.3125
1479684190658309,3.875,6.6875,15.875
1479684190679365,2.4375,-1.75,13.9375
1479684190695910,-0.625,-6.8125,11.8125
1479684190718469,-6.5,-10.375,7.5625
1479684190739525,-8.8125,-14.6875,4.1875
1479684190756069,-9.5,-17.625,-0.6875
1479684190778128,-14.375,-20.1875,-5.0625
1479684190799686,-19.5625,-27.75,-11.125
1479684190815227,-22.9375,-39.0625,-25
1479684190838789,-23.8125,-55,-37.75
1479684190859344,-26.5625,-70.5,-50.8125
1479684190875386,-35.1875,-86.875,-63.5
1479684190898448,-46.0625,-99.75,-69.9375
1479684190919503,-51.3125,-106.75,-71.9375
1479684190935045,-57.6875,-112.875,-71.875
1479684190958106,-57.75,-116,-75.6875
1479684190980667,-51.4375,-118.625,-80.125
1479684190995206,-47.75,-117.375,-78.75
1479684191018266,-43,-110.75,-75.3125
1479684191040829,-39.125,-102.938,-70.8125
1479684191055365,-41.3125,-102.375,-73.75
1479684191077925,-36.1875,-103.063,-81.1875
1479684191101488,-25.4375,-107.438,-90.8125
1479684191122042,-18.3125,-105.5,-95.875
1479684191138586,-30.6875,-101.75,-94.6875
1479684191160646,-40.875,-105.063,-102.438
1479684191182204,-30.0625,-111.5,-115.25
1479684191198245,-22.5625,-115.5,-119.688
1479684191220805,-22.25,-117,-122.813
1479684191241862,-21.875,-119.625,-125.5
1479684191258407,-21.625,-121.5,-128.438
1479684191280965,-18.9375,-122.938,-130.188
1479684191302025,-13.625,-120,-128.313
1479684191318064,-12.1875,-115.375,-121.688
1479684191340624,-18.8125,-106.25,-109.875
1479684191361679,-18.4375,-100.188,-104.375
1479684191378750,-4.625,-92.5,-98.25
1479684191400784,4.8125,-82.0625,-87
1479684191421840,10,-69.6875,-73.5
1479684191438389,12.625,-54.4375,-58.3125
1479684191460944,12.625,-35.9375,-42.375
1479684191482000,14,-20.25,-28.6875
1479684191498546,16.875,-7.5,-20.8125
1479684191520603,21.9375,3.8125,-16.75
1479684191541659,27.75,13.6875,-12.6875
1479684191557701,32.3125,26.875,-8.625
1479684191580762,35.125,44.5625,-2.5625
1479684191601818,25.75,61.9375,6.6875
1479684191618362,22.875,69.75,9.1875
1479684191640923,28.5,77.125,14.0625
1479684191661978,35.375,86,19.0625
1479684191678021,42.25,103,32.25
1479684191701082,27.4375,103.813,23.9375
1479684191721637,32.0625,103.938,19.75
1479684191737680,31.375,106.438,27.125
1479684191761258,33.625,113,30.1875
1479684191781799,33.375,112.438,23.25
1479684191797842,41.75,104.688,13.75
1479684191820901,43.0625,105.125,11.4375
1479684191841957,42.5,106.125,14.375
1479684191857498,36.8125,108.438,18
1479684191880559,28.1875,101.813,11.875
1479684191902117,33.25,97,9.9375
1479684191918160,28.1875,95.1875,15.3125
1479684191941221,22.125,90.25,16.25
1479684191963786,23.8125,83.0625,14.25
1479684191977818,24.1875,75.125,11.625
1479684192000881,16.4375,72.125,14.0625
1479684192023440,10.25,65.5,13.625
1479684192037477,14.1875,57.4375,9
1479684192061039,11.625,48.0625,5.0625
1479684192083601,3.25,38.125,3.6875
1479684192104156,-2.5625,28.6875,2
1479684192120699,-5.625,15.8125,-0.1875
1479684192143258,-6.9375,1.6875,-1.6875
1479684192164314,-13.25,-9,0.3125
1479684192180858,-21.375,-19.375,1.375
1479684192203420,-23.5,-26.75,6.5625
1479684192224474,-29.4375,-30.1875,13.8125
1479684192241018,-36.0625,-29,21.4375
1479684192263077,-41.5,-27.5,30.625
1479684192284635,-44,-25.4375,39.6875
1479684192300684,-45.1875,-20.625,51.5
1479684192323237,-44.8125,-16.6875,64.625
1479684192344292,-45.25,-13.3125,75.9375
1479684192360837,-44.125,-10.9375,86.0625
1479684192383401,-39.4375,-9.375,95.875
1479684192404453,-37.875,-5.625,106.313
1479684192421009,-37.25,-1.75,114.438
1479684192451077,-32.125,2,120.625
1479684192472133,-28.3125,7.375,125.063
1479684192480655,-18,11.5625,128.063
1479684192503216,-7.125,11.125,129.438
1479684192524272,1.1875,14.75,134.438
1479684192540816,-2.375,18.6875,140.188
1479684192563376,-7.4375,19.25,146.875
1479684192584934,-5.25,19,151.813
1479684192600976,-0.9375,18,151.438
1479684192623535,3.6875,11.8125,149.438
1479684192652112,15.5625,2.75,145.813
1479684192661637,25.625,-4.9375,142.625
1479684192683195,20.8125,-6.875,139.75
1479684192704250,21.9375,-10.75,133.688
1479684192720293,18.6875,-9.8125,125.188
1479684192743354,18.5,-12.25,114.125
1479684192764410,25.625,-18.8125,101.375
1479684192779952,31.125,-18.125,88.0625
1479684192803514,30.25,-20.1875,74
1479684192824570,25.1875,-19.3125,64.875
1479684192846629,18.1875,-20.0625,53.25
1479684192863173,21.5,-15.8125,45.8125
1479684192885733,9.6875,-6.375,28.5
1479684192900274,13.3125,3.5,16.875
1479684192923333,3.875,13.9375,4.4375
1479684192945911,-16.625,22.1875,-14.125
1479684192959930,-35.125,26.625,-34.9375
1479684192983495,-41.75,24.9375,-53.375
1479684193007056,-44.6875,19.1875,-68.875
1479684193027112,-58.375,15.875,-82.375
1479684193049671,-70.375,11,-92.8125
1479684193065712,-71,7.625,-102.813
1479684193086768,-67.6875,3.125,-114
1479684193103814,-67.875,-9.125,-126.188
1479684193126373,-65.375,-15.875,-136.875
1479684193146927,-70.25,-21.8125,-141.75
1479684193163973,-73.1875,-27.5625,-147.625
1479684193186031,-65.5625,-35.1875,-154.875
1479684193207087,-60.875,-44.75,-162.188
1479684193223130,-55.625,-46.25,-164.25
1479684193245691,-57.3125,-44.125,-170.125
1479684193266746,-52.25,-50.75,-175.438
1479684193283291,-44.1875,-51.625,-174.938
1479684193305853,-40.0625,-44.25,-164.5
1479684193326906,-39.625,-34.3125,-150.188
1479684193343450,-32.25,-24.1875,-138.938
1479684193366011,-27.3125,-5.6875,-120.625
1479684193387066,-29.75,19.0625,-88.6875
1479684193403109,-31.9375,38.6875,-56.3125
1479684193425670,-20,62,-26.6875
1479684193446725,-15.5,85.25,6.375
1479684193463270,-2.875,100.375,43.1875
1479684193485829,18.625,113.938,73.25
1479684193507386,26.0625,127.688,100
1479684193523429,32.875,137.063,124.875
1479684193545989,36.25,144.688,143.813
1479684193567045,45.9375,149,158.813
1479684193582588,61.4375,146.875,168.063
1479684193605647,74.375,143,170.688
1479684193626704,88.75,132.625,168.313
1479684193642746,100.063,126.375,167.125
1479684193665809,92.3125,127.688,158.563
1479684193686864,88.4375,126.313,146.875
1479684193702906,82.8125,117.438,133.938
1479684193725968,71.1875,102.875,120.688
1479684193747024,65.4375,79.0625,102.125
1479684193762565,59.75,57,91.1875
1479684193785627,51,27.8125,80.5625
1479684193806683,44.125,3.375,61.9375
1479684193822725,33.125,-24.25,41.5
1479684193845787,23.1875,-48.1875,27
1479684193868347,18.8125,-70.0625,11.0625
1479684193882886,18.9375,-73.4375,-6.625
1479684193905946,12.4375,-72.1875,-30.4375
1479684193928507,-1.4375,-70.625,-61.25
1479684193942544,-16.5,-76.25,-84.875
1479684193965609,-31,-72.875,-102.188
1479684193988165,-53.3125,-69.0625,-115.188
1479684194009221,-72.0625,-80.75,-126.5
1479684194025765,-83.8125,-82.9375,-130.5
1479684194048327,-96.3125,-76.375,-135.063
1479684194069381,-100.188,-75.0625,-137.5
1479684194085931,-83.4375,-82.1875,-141.438
1479684194108485,-69.625,-94.4375,-147.813
1479684194136559,-59.5625,-116.938,-165.438
1479684194148092,-35.125,-138.625,-172.063
1479684194168645,-22.1875,-150.438,-170.375
1479684194189200,-23.875,-161,-165.688
1479684194205744,-19.625,-178.688,-159
1479684194228304,-11,-186.625,-149.563
1479684194249360,-7.375,-180.688,-132.188
1479684194265906,-18.75,-172.625,-111.563
1479684194288481,-20.5625,-154.5,-92.4375
1479684194309520,-23.4375,-123.625,-65.5625
1479684194325573,-28.375,-93,-38.0625
1479684194348625,-36.75,-63.875,-10.4375
1479684194369179,-20.4375,-33.5625,18.0625
1479684194385722,-6.0625,-5.4375,41.9375
1479684194414299,6.75,13.125,71.125
1479684194429338,17.875,29.5,102.313
1479684194445882,10.5,47.625,135.875
1479684194468443,10.3125,63.6875,168.313
1479684194489498,13.8125,76.75,191.625
1479684194506042,28.125,83.9375,209.188
1479684194528101,41.25,90.9375,218.125
1479684194549159,54.6875,94,221.063
1479684194565203,69.9375,89.75,223.625
1479684194588261,96.3125,82,228
1479684194609317,104.125,77.75,221.563
1479684194625360,107.188,64.4375,208.938
1479684194648423,114.813,49.5625,200.75
1479684194669477,109.438,37.125,187.75
1479684194692037,92.1875,21.4375,163.188
1479684194714597,85.25,3,138.688
1479684194729135,94.4375,-11.5625,126.75
1479684194745194,98.25,-20.1875,125.813
1479684194768240,57.8125,-35.3125,109
1479684194790800,35.875,-54.25,81.6875
1479684194805338,36.875,-55.625,63.4375
1479684194828408,41.5625,-47.4375,61.0625
1479684194850964,22.6875,-39,55.1875
1479684194864998,-3.5625,-34.75,44.5625
1479684194888059,-11.1875,-23.9375,36.1875
1479684194910619,-13.75,-5.625,32.9375
1479684194931675,-26.1875,10.125,31
1479684194948722,-34.0625,23.625,24.375
1479684194970778,-51.125,34.375,14.9375
1479684194991834,-64.5,44.4375,4.4375
1479684195008378,-75.125,46.9375,-5.4375
1479684195030939,-80.75,49.4375,-8.8125
1479684195051994,-104.063,51.3125,-14.9375
1479684195068539,-124,50.25,-21.5
1479684195090597,-131.688,48.0625,-26.8125
1479684195111654,-138.938,45.1875,-33
1479684195128198,-147,40.375,-34.6875
1479684195156773,-157.063,31.5625,-36.6875
1479684195171812,-157.25,25,-40.75
1479684195188358,-154.125,17.4375,-45.0625
1479684195210917,-152.625,10.1875,-46.25
1479684195231976,-154.188,-1,-45.5
1479684195248517,-149.25,-6.6875,-48.375
1479684195270576,-146.625,-16.5625,-56.0625
1479684195291631,-138.625,-25.1875,-61.6875
1479684195308176,-132,-32.4375,-66.9375
1479684195330736,-126.063,-34.0625,-70.75
1479684195351791,-127.438,-39.9375,-81.9375
1479684195368336,-119,-52.4375,-93.5625
1479684195390895,-119.5,-54.5,-99.75
1479684195411952,-112.688,-55,-108.063
1479684195428495,-105.75,-58.375,-109.5
1479684195450555,-90.3125,-59.8125,-110.063
1479684195471610,-66.8125,-52.125,-106.563
1479684195488155,-45.5625,-38.875,-103.563
1479684195510714,-27.5,-25.9375,-94.5
1479684195531773,-10.3125,-12.3125,-82.125
1479684195547814,16.3125,6.125,-74.9375
1479684195570875,35.875,29,-67.375
1479684195591930,44.75,48.875,-49.6875
1479684195607472,48,63.8125,-35.4375
1479684195631034,63.5,73.375,-31.25
1479684195652090,105.188,74.1875,-30.5
1479684195674149,133.313,92.9375,-9.125
1479684195690693,116.438,97.25,14.0625
1479684195711749,122.938,106.313,14.625
1479684195727792,162.438,110.813,14
1479684195750853,190.5,128.063,34.5
1479684195773413,147.75,133.438,68
1479684195787450,139.438,113.875,65.3125
1479684195811013,190.313,105.438,47.4375
1479684195833573,213.688,106.563,50.8125
1479684195854128,171.063,108,76.875
1479684195870671,148.313,82.3125,68.9375
1479684195893232,204,61.3125,42.875
1479684195914288,208.063,60.8125,36
1479684195930832,160.875,60,45.375
1479684195953893,135.813,39.3125,22.5
1479684195974448,134.375,14.875,-6.3125
1479684195991496,111.563,4.4375,-13.5
1479684196013553,87.875,0.3125,-5.0625
1479684196034107,76.5,-1.0625,-2.875
1479684196050650,55.5625,-3.625,-14.5
1479684196080731,21.1875,-15.6875,-34.125
1479684196094266,16.1875,-27.1875,-46.125
1479684196118337,-5.625,-28.6875,-41.6875
1479684196133371,-28.6875,-26.4375,-33.0625
1479684196161959,-46.875,-28.9375,-30.25
1479684196170970,-58.6875,-31.8125,-37.1875
1479684196193531,-68.125,-30.125,-40.1875
1479684196214587,-73.3125,-22.9375,-38.25
1479684196230629,-78.375,-20.5,-36
1479684196253691,-84.1875,-25,-36.9375
1479684196274245,-87.3125,-28.6875,-41.5
1479684196290789,-92.375,-31.625,-42.8125
1479684196313349,-93.4375,-32.8125,-42.625
1479684196334405,-102.5,-35.9375,-44.8125
1479684196350949,-100,-41,-48.625
1479684196381029,-103,-43.875,-52.75
1479684196394565,-100.875,-48.5,-51
1479684196411610,-102.375,-51.4375,-50.75
1479684196433168,-101.688,-56.5625,-50.1875
1479684196454224,-92.125,-54,-46
1479684196470267,-88.6875,-56.25,-40.5
1479684196493328,-79.875,-57.875,-39
1479684196514384,-72.625,-51.8125,-36.0625
1479684196529925,-62.6875,-46.1875,-31.1875
1479684196553490,-52.1875,-39.8125,-26.1875
1479684196574543,-46.25,-35.3125,-19.25
1479684196590085,-37.5625,-26,-12.375
1479684196613146,-27.8125,-18.5,-2.375
1479684196635706,-18.5,-11.3125,9.3125
1479684196650245,-5.3125,-1.5,18.6875
1479684196673306,7.9375,7.3125,30.125
1479684196695866,25.375,16.625,43.0625
1479684196710405,38.8125,27.1875,53.3125
1479684196733468,49.9375,34.75,56.9375
1479684196756026,61,43.8125,60.3125
1479684196770063,74.4375,53.75,67.5625
1479684196793125,67.625,64.25,75.375
1479684196815688,73.6875,56.5625,63.3125
1479684196836742,93.1875,50.625,52.875
1479684196853285,99.75,50.9375,57
1479684196875845,91.3125,52.1875,62.8125
1479684196896901,99.3125,39.3125,46.9375
1479684196913445,114.313,32.6875,29.9375
1479684196936005,109.438,32.0625,28.5
1479684196957060,94.75,26.4375,25.5
1479684196979120,93.5625,10.625,8.3125
1479684196995664,89.875,0.75,-1.625
1479684197016720,78.125,-3.25,-0.375
1479684197033264,62.9375,-6.5,-1.25
1479684197055826,53.5625,-13.25,-10.6875
1479684197076880,47.4375,-18.6875,-17.875
1479684197093424,40.9375,-23.1875,-15.5625
1479684197115984,37.9375,-21.9375,-11.3125
1479684197137040,25.3125,-19.5625,-11
1479684197153082,18.25,-19.5625,-11.75
1479684197175642,7.0625,-15.625,-4.6875
1479684197196698,-13.5,-10.875,0.25
1479684197213242,-21.125,-9.0625,-0.875
1479684197235803,-29.8125,-9.125,-3.0625
1479684197256858,-45.1875,-13.5625,-5.75
1479684197273903,-62.25,-17.875,-9.8125
1479684197295963,-79.875,-25.4375,-20.75
1479684197317034,-84.4375,-40,-34.9375
1479684197333062,-88.875,-51,-42.4375
1479684197355623,-97.1875,-61.9375,-50.8125
1479684197376677,-94.4375,-73.375,-63.625
1479684197399237,-87.625,-82.9375,-77.625
1479684197415783,-79,-89.6875,-83.6875
1479684197436837,-67.25,-94.4375,-91.125
1479684197452879,-57.125,-98.125,-96.5
1479684197475942,-41.9375,-95.375,-94.875
1479684197496997,-34.375,-90.0625,-92.125
1479684197512538,-30.0625,-81.125,-87.9375
1479684197535600,-23.125,-73.4375,-86.75
1479684197556656,-2.6875,-66.5625,-80.875
1479684197572700,10.125,-56.3125,-69.8125
1479684197595761,14.375,-43.875,-53.5625
1479684197616816,17.375,-28.25,-42.8125
1479684197632859,20.9375,-12.75,-32.3125
1479684197655935,30.8125,2.125,-24.3125
1479684197678480,38.1875,18.0625,-16.625
1479684197692517,43.75,33.75,-4.9375
1479684197721595,48.1875,43.9375,-1.8125
1479684197738139,55.5625,51.875,-0.1875
1479684197752677,56.4375,62,5.25
1479684197775738,51.75,75.25,12.6875
1479684197798300,49.8125,79.625,10.1875
1479684197819355,53.5625,77.125,4.9375
1479684197835898,50.875,78.5,5.5625
1479684197858458,51.5,79.5625,9.125
1479684197879514,54.6875,79.125,8.875
1479684197895557,58.9375,73.625,2.0625
1479684197918118,64.875,70,-5.5
1479684197939173,63.9375,67.25,-7.1875
1479684197955717,61.0625,62.875,-10.9375
1479684197978780,61.9375,57.5625,-14.5
1479684197999334,56.3125,51.8125,-21.0625
1479684198015879,56.3125,45.375,-25.1875
1479684198045957,56.3125,39.5625,-26.375
1479684198059493,54.5,32.0625,-28
1479684198075536,49.6875,21.5,-32.9375
1479684198098096,44.375,13.0625,-35.8125
1479684198119151,38.5625,2.6875,-36.25
1479684198135696,11.25,-3.5,-25.9375
1479684198158261,11.875,-15.375,-25.1875
1479684198179312,9,-26.25,-23.6875
1479684198195856,10.3125,-36.3125,-16.625
1479684198218416,-0.1875,-39.8125,-10
1479684198239471,-9.875,-43.5625,-8.375
1479684198255514,-25.125,-46.9375,-1.5625
1479684198278076,-44.5625,-44.875,8.1875
1479684198299133,-39.1875,-50.75,13.125
1479684198323194,-34.9375,-55.625,16.1875
1479684198338235,-49.8125,-56.6875,22.3125
1479684198359290,-53.4375,-60.125,27.25
1479684198375334,-48.6875,-63.4375,27.625
1479684198398396,-47.25,-67.5,29
1479684198419451,-46.4375,-71.375,30.4375
1479684198434992,-46.375,-74.0625,30.125
1479684198458053,-44.125,-76.125,28.0625
1479684198479109,-42.875,-78.5625,24.25
1479684198495152,-35.625,-81,23
1479684198518213,-31.625,-81,23.5625
1479684198539269,-31.3125,-78.75,23.25
1479684198555312,-27.4375,-74.9375,19.625
1479684198578875,-25.4375,-63.875,14.8125
1479684198600937,-29.8125,-54.25,14.375
1479684198614971,-33.5625,-49.25,12.8125
1479684198644047,-23.125,-39.6875,21.5625
1479684198660593,-17.0625,-32.8125,22.0625
1479684198675130,-28.1875,-13.3125,21.5625
1479684198698193,-32.9375,9.8125,27.125
1479684198720752,-18.5,32.3125,33.375
1479684198741818,13.25,52.125,33.25
1479684198758352,41.1875,69.5,33.75
1479684198780914,52.0625,86.9375,39.875
1479684198801968,55.875,103.063,48.9375
1479684198818512,58.0625,118.563,59.75
1479684198840571,54.0625,126.375,64.9375
1479684198861626,54.0625,120,64.75
1479684198878181,62.375,118,57.875
1479684198900730,77.375,115.5,53.8125
1479684198921786,77.375,110.875,53.5
1479684198938330,71.0625,102.125,51.875
1479684198960904,79.125,92.5,49.6875
1479684198981950,76.6875,85.75,47.3125
1479684198998490,78.75,73.3125,43.1875
1479684199020550,79.75,64.9375,36.875
1479684199041605,78.3125,55.3125,34.625
1479684199058149,73.6875,48.125,39.125
1479684199080709,67.5,44.25,44
1479684199101765,61.8125,36,38.3125
1479684199118309,65.5625,29.9375,32.25
1479684199140869,63.125,24.25,29.0625
1479684199161925,53.5,15.125,26.5625
1479684199178471,41.25,10,25.875
1479684199201029,29.875,6.625,19.875
1479684199221583,24.125,3.1875,13.0625
1479684199238128,14.8125,1.5625,8.875
1479684199260689,4.1875,-0.9375,4.0625
1479684199281747,-8.125,-2.6875,-4.75
1479684199298289,-21.0625,-10.1875,-16
1479684199320852,-28.625,-21.3125,-22.625
1479684199341904,-34.4375,-27.8125,-20.5625
1479684199364464,-46.0625,-33.4375,-16.6875
1479684199380507,-51.6875,-38.375,-20.9375
1479684199409082,-52.75,-53.125,-27.8125
1479684199417605,-60.8125,-68.75,-28.25
1479684199440667,-71.375,-80.25,-30.875
1479684199461722,-75.8125,-89.875,-37.4375
1479684199477765,-71.625,-105.875,-45.6875
1479684199500829,-55.6875,-116.25,-56.8125
1479684199521882,-49.6875,-127.75,-63.1875
1479684199537424,-49.4375,-135.125,-61.5
1479684199560986,-46,-131.313,-60.25
1479684199583547,-33.0625,-121.438,-59.625
1479684199597584,-25.4375,-108.875,-55.375
1479684199620645,-20.3125,-97.75,-47.0625
1479684199643205,-11.9375,-80.5625,-35.5625
1479684199664261,-7.3125,-58.9375,-26.3125
1479684199680805,-5,-35.0625,-17.0625
1479684199703366,-2.6875,-12.875,-11.3125
1479684199724421,4.75,9.5,-6.4375
1479684199740968,11.5625,31.3125,1.3125
1479684199763525,18.625,49.5625,7.125
1479684199784582,27.1875,57.875,5.0625
1479684199800626,35.25,65.4375,0.5
1479684199823185,41.5625,70.25,-4.1875
1479684199844240,52.625,80.6875,-8.25
1479684199860784,46.0625,83.8125,-3.875
1479684199883344,44.1875,80.3125,-6.125
1479684199904399,52.1875,73.5,-13.8125
1479684199920944,71.125,66.3125,-26.3125
1479684199943503,74.5625,70.9375,-31.5
1479684199964559,53.5625,54.3125,-31.375
1479684199980602,44.5625,43.375,-28.3125
1479684200003162,46.0625,32.3125,-31.375
1479684200024218,50.6875,27.25,-32.625
1479684200040763,30.8125,12.25,-33.9375
1479684200063322,19.4375,-2.125,-33.5625
1479684200084378,8.625,-13.25,-29
1479684200100926,0.4375,-22.875,-24.125
1479684200123482,-6.3125,-30.9375,-22.375
1479684200144538,-13.5625,-33.375,-19.5625
1479684200160581,-24.3125,-35,-11.75
1479684200183142,-29.25,-33.5,-3.4375
1479684200204197,-31.4375,-33.5,-2.0625
1479684200221242,-33.375,-29.25,0.75
1479684200243301,-38.0625,-26,7.9375
1479684200264357,-39.625,-22.9375,11.9375
1479684200279899,-43.625,-24.1875,12.25
1479684200303461,-42.9375,-29.5,10.375
1479684200324517,-50.625,-31.625,12.3125
1479684200340059,-61,-31.5625,17.875
1479684200363120,-66.5,-31.5,20.375
1479684200384177,-64,-29.4375,19.0625
1479684200400219,-57.4375,-27.75,14.75
1479684200423280,-53.25,-24.125,13.875
1479684200444336,-51.25,-21.9375,13.5625
1479684200460392,-49.25,-19.3125,13
1479684200483440,-49.4375,-18,12.9375
1479684200505999,-51.125,-13.875,14.4375
1479684200520037,-51,-12.125,15.3125
1479684200543600,-46.0625,-10.75,14.5
1479684200565661,-40.625,-9.8125,12.25
1479684200580197,-37.9375,-6.9375,9.875
1479684200603258,-40.4375,-4.4375,9.3125
1479684200625818,-41,-0.75,10.25
1479684200646876,-43.5625,1.6875,11.875
1479684200663419,-44.25,3.4375,14.125
1479684200685978,-51.0625,8.9375,17.9375
1479684200707034,-60.6875,12.75,18.25
1479684200723077,-64.5,10.625,19.3125
1479684200745637,-75.375,10.125,17.25
1479684200766704,-86.6875,12.875,21.875
1479684200773711,-96.5,18.125,21.9375
1479684200796272,-85.125,26.75,20.4375
1479684200811311,-59.375,45.0625,7.5
1479684200833871,-6.25,51,-9.75
1479684200848410,58,55.25,-18.75
1479684200870970,91.25,68,-30.0625
1479684200893530,87.1875,90.6875,-34.625
1479684200908570,68.375,108,-36
1479684200931134,63.75,121.563,-27.0625
1479684200953690,66.5,125.625,-22.75
1479684200968730,86.125,120.938,-23.3125
1479684200991290,93.375,108,-22.875
1479684201013851,92.375,95.9375,-20.3125
1479684201028890,95.3125,85.1875,-19.1875
1479684201050949,98,74,-18.375
1479684201073509,105.438,59.3125,-22.1875
1479684201088550,101.063,44.0625,-15.375
1479684201111109,93.125,23.8125,-6.3125
1479684201133669,71.9375,11.875,-0.375
1479684201148710,64.0625,-4.6875,1.8125
1479684201171269,58.25,-14.6875,5.0625
1479684201193829,37.0625,-24.4375,7.625
1479684201208868,21.375,-30.0625,11.4375
1479684201231431,-5.5,-31.75,21.3125
1479684201253488,-29.375,-33.5625,32.6875
1479684201268527,-43.4375,-38.875,38.5
1479684201291088,-51.375,-43.125,40.375
1479684201313648,-58.375,-47.75,45.1875
1479684201328687,-71.875,-53,49.8125
1479684201351249,-85.9375,-57.75,52.5
1479684201375311,-92.125,-66.875,50.1875
1479684201388853,-82.75,-70.1875,49.875
1479684201411408,-75.75,-68.1875,49.1875
1479684201434971,-76.375,-71.1875,48.5625
1479684201448516,-86.9375,-72.125,47.4375
1479684201471066,-93.0625,-80.1875,39.625
1479684201493626,-92.75,-80.3125,30.125
1479684201510171,-93.5,-89.3125,19.0625
1479684201531226,-123.313,-99.75,17.875
1479684201553786,-177.438,-103.25,21.1875
1479684201569829,-230.125,-109.938,28.1875
1479684201591386,-220.813,-97.1875,36.125
1479684201613961,-155.25,-92.1875,9.5625
1479684201629989,-103.375,-86.5,-4.8125
1479684201651045,-59.1875,-61.75,-44.5625
1479684201673619,-8,-52.875,-71.625
1479684201696166,29.1875,-42.4375,-69
1479684201718725,58.5,-26.375,-48.9375
1479684201733766,57.1875,2.5625,-31.625
1479684201750314,70.1875,20,-27.25
1479684201771365,89.8125,38.3125,-17.375
1479684201793424,95.8125,60.5,-11.875
1479684201809968,94.875,78.9375,0.0625
1479684201831037,100.313,94.1875,8
1479684201853583,106,102.125,11.8125
1479684201870130,119.438,109.375,13.0625
1479684201891183,132.875,120.375,15
1479684201913746,126.188,121,21.9375
1479684201930290,120.813,120.438,12.125
1479684201951343,132.125,115.563,4.375
1479684201973402,141,116.688,5.5625
1479684201991450,140.188,117.813,5.875
1479684202011002,140.75,107.188,6.4375
1479684202033565,136,96.375,4.4375
1479684202051610,131.938,87.625,5
1479684202071162,124.813,85,8.75
1479684202093722,96.625,60.6875,6.875
1479684202111770,77.125,35.625,5
1479684202131323,60.375,19.125,3.5625
1479684202153380,54.25,5,4.625
1479684202175940,49.8125,-0.5625,-0.5
1479684202190981,35.1875,-2.75,-1.8125
1479684202213542,16.375,-11.125,-2.5625
1479684202236101,-5.875,-11.125,6.0625
1479684202252645,-21.875,-5.9375,16.1875
1479684202273701,-30.0625,3.375,25.9375
1479684202296261,-33.6875,16.4375,32.125
1479684202311301,-31.375,29.25,41.5625
1479684202333861,-39.75,43.25,53.6875
1479684202356420,-35.875,56.5,64.5625
1479684202370959,-35.5625,65.0625,72.6875
1479684202395037,-32.0625,70.6875,75.375
1479684202419088,-27,75.1875,79.375
1479684202431122,-17.6875,78.5625,80.875
1479684202461208,-8.5625,80,85.3125
1479684202476240,-6.3125,79.6875,88.8125
1479684202491279,-0.5,78.375,88.6875
1479684202513845,3.75,75.9375,90
1479684202536399,13.6875,70.9375,83.875
1479684202550938,25.125,64.375,78.375
1479684202573498,25.9375,54.375,75.0625
1479684202596058,18.125,41.6875,70.6875
1479684202611098,21.0625,28.875,64.9375
1479684202633659,21.5,18.375,51.3125
1479684202656218,22.3125,5,39.8125
1479684202672762,4.6875,-11.5625,24.5625
1479684202696827,-18.5625,-28.125,7.875
1479684202716378,-29.25,-35.3125,-5.0625
1479684202738436,-39.1875,-37.875,-16.9375
1479684202760997,-53.625,-39.125,-29.8125
1479684202785061,-67.125,-39.875,-41.5625
1479684202791076,-70.625,-39.25,-49.5
1479684202813639,-74.5625,-41.6875,-55.1875
1479684202836197,-86.25,-48.875,-61.9375
1479684202852741,-94.875,-56.6875,-67.9375
1479684202873797,-94.3125,-64.6875,-78
1479684202896357,-85.8125,-72.0625,-88.875
1479684202912400,-75.9375,-81.8125,-98.875
1479684202933456,-65.5625,-91.3125,-105.375
1479684202956015,-62.5,-98.375,-110.438
1479684202972560,-65.875,-108.813,-112.313
1479684202996626,-67.5625,-113.563,-110.188
1479684203016175,-68.625,-117.688,-106.688
1479684203040239,-68.6875,-107.125,-104.375
1479684203053775,-80.0625,-97.1875,-100.813
1479684203076336,-89.125,-86.75,-92.1875
1479684203092378,-76.3125,-78.5625,-86.1875
1479684203113435,-65,-65.4375,-72.8125
1479684203135994,-68,-57.5625,-57.3125
1479684203152538,-69,-53.5625,-42.4375
1479684203173594,-68.625,-47.8125,-24.625
1479684203196154,-71.75,-41.625,-4.875
1479684203212701,-68.375,-38.5625,11.125
1479684203233754,-64,-35.9375,24.6875
1479684203256314,-61.625,-37,32.75
1479684203272357,-57.875,-34.9375,42.1875
1479684203293413,-67.625,-30.5,57.0625
1479684203315973,-71.9375,-31,69.5
1479684203334021,-68.625,-30.5625,73.375
1479684203353573,-61.125,-29.4375,77.1875
1479684203376133,-55.8125,-26.625,79.6875
1479684203394181,-53.0625,-22.125,79.125
1479684203413736,-46,-25.5,81.3125
1479684203436296,-33.5625,-26,76.25
1479684203453840,-13.5,-22.5625,61.9375
1479684203473392,5.625,-6.3125,48.125
1479684203496455,19.875,8.25,35.25
1479684203514001,40.25,16.375,15.875
1479684203533552,60.125,23.375,-6.3125
1479684203556112,74.25,32.6875,-20.375
1479684203574160,77.75,42.5625,-25.25
1479684203593711,70.625,43.5625,-29
1479684203616273,73.0625,41.4375,-36.625
1479684203638831,78.3125,40.75,-41.5625
1479684203653873,85.875,47.0625,-39.875
1479684203675930,71.4375,50.875,-36.75
1479684203698491,64.875,44.8125,-39.8125
1479684203713534,67.4375,36.625,-40.5
1479684203736092,66.8125,36.3125,-34.875
1479684203758650,47.5625,39.75,-25.625
1479684203773691,37,35.6875,-31.8125
1479684203796251,58.875,28.75,-43.6875
1479684203818810,80.25,26.75,-43
1479684203833348,86,33.375,-37.0625
1479684203855909,69.25,35.6875,-36.25
1479684203878469,67.5625,30.125,-42.375
1479684203893541,70.5,32.1875,-47.875
1479684203916068,57.625,35,-43.25
1479684203938629,45.4375,38,-30.4375
1479684203955173,36.125,41.4375,-17.1875
1479684203976229,31,40.1875,-13.1875
1479684203998789,27.5,40.6875,-9.375
1479684204015333,22.125,40.875,-3.6875
1479684204036389,21.6875,41.4375,2.125
1479684204058447,20.25,39.5,5.125
1479684204074992,16.3125,36.1875,11
1479684204096048,11.5,30,18.875
1479684204118608,11.25,27.3125,19.5625
1479684204135153,15.875,21.5,20
1479684204156208,18.75,17,18.75
1479684204178767,22.875,13.375,21.3125
1479684204195312,29.3125,10.875,18.4375
1479684204216368,30.625,8.6875,19.125
1479684204238426,29.6875,7.6875,23.5625
1479684204254970,22.8125,14.9375,29.3125
1479684204276026,17.6875,19.3125,33.875
1479684204298597,13.8125,25.3125,35.625
1479684204323152,19.375,28.3125,40.75
1479684204336186,24.1875,34.125,51.1875
1479684204360250,15.6875,42.5625,60
1479684204376293,11.875,45.875,62.375
1479684204403364,20.1875,44.9375,64.5
1479684204418406,18.3125,46.375,71.1875
1479684204436453,11.75,47.1875,77.8125
1479684204456005,6.625,46.1875,82.375
1479684204478565,7.5,42.625,85
1479684204496614,21.4375,41.1875,81.9375
1479684204516165,32.1875,39.9375,73.5625
1479684204538725,26.5,33.5,61.9375
1479684204556786,18.3125,26.625,51.5
1479684204576325,14.0625,19.6875,43.1875
1479684204598384,16,12.375,32.125
1479684204616436,14.5,8.9375,19.875
1479684204635984,7.6875,2.375,7.9375
1479684204661551,-2.1875,-2.875,-0.875
1479684204681107,-8.5,-6.75,-8.5
1479684204696144,-8.0625,-9.5,-16.4375
1479684204718703,-6.3125,-11.125,-24.0625
1479684204736251,-10.75,-9.5,-28.9375
1479684204756303,-16.5625,-8.375,-30.875
1479684204778362,-23.75,-10.25,-31.375
1479684204796415,-32.5,-12.5625,-34.0625
1479684204815962,-39.875,-20.4375,-41.3125
1479684204838523,-52.125,-34.5625,-47.75
1479684204856571,-64.8125,-45.3125,-55.25
1479684204877627,-72.1875,-64.0625,-66.875
1479684204898682,-82.75,-79.5,-76.6875
1479684204916730,-103.75,-91.25,-84.5625
1479684204937786,-121.75,-95.3125,-85.125
1479684204960346,-131.75,-91.5,-80.75
1479684204976389,-134.75,-87.75,-71.5625
1479684204997445,-136.625,-82.6875,-66.5
1479684205018501,-131.063,-86.1875,-70.9375
1479684205036549,-111.938,-80.6875,-77.125
1479684205057605,-71.125,-68.3125,-83.375
1479684205078661,-36.9375,-60.875,-72.875
1479684205101222,-22.125,-60.75,-57.375
1479684205117773,-28.9375,-55.25,-37.125
1479684205138822,-48.375,-44.6875,-19.625
1479684205161380,-55.875,-39.6875,-8.375
1479684205177424,-47.9375,-36.4375,-1.125
1479684205198479,-36.75,-34.375,1.25
1479684205221039,-32.9375,-33.8125,3.5625
1479684205239088,-36.6875,-34.25,6.125
1479684205258639,-48.875,-38.5,8.125
1479684205281199,-55.125,-43.0625,7.625
1479684205299248,-51.5625,-44.5,5.75
1479684205318799,-51.375,-52.8125,-0.75
1479684205341360,-49.1875,-60.1875,-4.5
1479684205358907,-55.5625,-65.9375,-10.8125
1479684205378458,-44.875,-69.5,-14.6875
1479684205401018,-39.8125,-68.5,-13.1875
1479684205419067,-30,-63.5,-12.6875
1479684205438618,-5.4375,-59.75,-9.875
1479684205461178,19.4375,-48.375,-6.6875
1479684205479227,31.0625,-28.0625,-9.75
1479684205498778,48.4375,-17.6875,-20.8125
1479684205521350,70.0625,-7.75,-24.5625
1479684205538886,80.125,8.5625,-25.875
1479684205558437,79.125,29.3125,-25.5
1479684205580997,78.1875,46.3125,-21.875
1479684205599045,87.25,55.4375,-19.5
1479684205618606,100.813,70.6875,-22.375
1479684205641157,111.75,87.625,-21
1479684205659205,105.063,104.813,-6.9375
1479684205680263,88.625,106.875,-2.5625
1479684205702320,94.8125,107.688,-7.4375
1479684205718869,111.688,109.688,-5.6875
1479684205738415,124.5,116.125,1.125
1479684205760975,102.25,111.25,7.25
1479684205779024,92.8125,102.125,1.5625
1479684205798576,101.688,92.25,-6.125
1479684205821135,111.875,87.75,-5.6875
1479684205839184,104,83.3125,-1
1479684205860239,84.9375,69.5,0.0625
1479684205881295,80.4375,60.4375,-4.625
1479684205898842,77.1875,52.9375,-2.875
1479684205919898,76.25,49.6875,0.75
1479684205940954,62.0625,48.125,5.375
1479684205959003,44.125,38.0625,6.25
1479684205980071,43.75,31.1875,6.1875
1479684206001114,35.875,24.75,11.25
1479684206026683,22.75,23.875,19.375
1479684206040218,15.125,23.3125,27.875
1479684206068794,11.3125,25.6875,30.4375
1479684206078821,6.3125,29.1875,35.6875
1479684206099878,0.25,33.5,40.3125
1479684206120933,-9.125,31.75,42.8125
1479684206138981,-8.8125,32.6875,43.75
1479684206160037,-6.5,32.4375,43.9375
1479684206181094,-9.1875,36.625,47.0625
1479684206199142,-11.25,39.8125,49.9375
1479684206221701,-11.9375,42.5,52.4375
1479684206241253,-9.75,45.9375,54.3125
1479684206258800,-1.125,48.125,54.125
1479684206281360,5.0625,53.25,53.875
1479684206300935,8.9375,57,53.875
1479684206318960,14.1875,61.1875,55.625
