timestamp,x,y,z,w
1479684173430992,-0.0217285,-0.0802612,-0.983887,-0.158569
1479684173453555,-0.0217285,-0.0802612,-0.983887,-0.158569
1479684173474608,-0.0217285,-0.0802612,-0.983887,-0.158569
1479684173491152,-0.0217285,-0.0802612,-0.983887,-0.158569
1479684173513712,-0.0216675,-0.0802002,-0.983887,-0.158569
1479684173534768,-0.0216675,-0.0802002,-0.983887,-0.158569
1479684173550810,-0.0217285,-0.0802002,-0.983887,-0.158569
1479684173573370,-0.0216675,-0.0801392,-0.983887,-0.158569
1479684173594428,-0.0216675,-0.0801392,-0.983887,-0.158569
1479684173610970,-0.0216675,-0.0801392,-0.983887,-0.158569
1479684173633530,-0.0216675,-0.0801392,-0.983887,-0.158569
1479684173654591,-0.0216675,-0.0800781,-0.983887,-0.158569
1479684173671132,-0.0216675,-0.0801392,-0.983887,-0.158569
1479684173693690,-0.0216675,-0.0800781,-0.983887,-0.158569
1479684173714746,-0.0216675,-0.0800781,-0.983887,-0.158569
1479684173730789,-0.0216675,-0.0800781,-0.983887,-0.158569
1479684173753349,-0.0216675,-0.0800781,-0.983887,-0.158569
1479684173774405,-0.0216675,-0.0800171,-0.983887,-0.158569
1479684173790949,-0.0216675,-0.0800781,-0.983887,-0.158569
1479684173813509,-0.0216675,-0.0800781,-0.983887,-0.158569
1479684173834565,-0.0216675,-0.0800171,-0.983887,-0.158569
1479684173857125,-0.0216675,-0.0800781,-0.983887,-0.158569
1479684173873669,-0.0216675,-0.0800781,-0.983887,-0.158569
1479684173895728,-0.0215454,-0.0797729,-0.983948,-0.158508
1479684173910767,-0.0217285,-0.0796509,-0.983948,-0.158325
1479684173933328,-0.0218506,-0.0797119,-0.984009,-0.158142
1479684173955888,-0.0217896,-0.079834,-0.984009,-0.15802
1479684173970928,-0.0217896,-0.0802002,-0.984009,-0.157837
1479684173993488,-0.0222168,-0.0803223,-0.984009,-0.157654
1479684174016549,-0.0227661,-0.0806274,-0.984009,-0.157593
1479684174031088,-0.0233765,-0.0811157,-0.983948,-0.157593
1479684174053648,-0.0233765,-0.0811157,-0.983948,-0.157593
1479684174076207,-0.0233154,-0.0809937,-0.983948,-0.157593
1479684174090245,-0.0236816,-0.0811157,-0.983887,-0.157715
1479684174113307,-0.0239258,-0.081665,-0.983826,-0.15802
1479684174135867,-0.0236816,-0.0817871,-0.983765,-0.158386
1479684174156923,-0.0233765,-0.081604,-0.983704,-0.15863
1479684174173467,-0.0233154,-0.0814819,-0.983704,-0.158997
1479684174196026,-0.0234375,-0.081604,-0.983643,-0.159241
1479684174210564,-0.0237427,-0.0824585,-0.983521,-0.159424
1479684174233627,-0.0240479,-0.083374,-0.983398,-0.159485
1479684174256186,-0.0240479,-0.083374,-0.983398,-0.159485
1479684174270228,-0.0240479,-0.083374,-0.983398,-0.159485
1479684174293285,-0.0244751,-0.0838013,-0.983398,-0.159485
1479684174315845,-0.0248413,-0.0842285,-0.983337,-0.159424
1479684174330384,-0.0249023,-0.0846558,-0.983337,-0.159241
1479684174353445,-0.0249634,-0.0847168,-0.983398,-0.158752
1479684174376005,-0.0249634,-0.0843506,-0.983521,-0.158142
1479684174397061,-0.0251465,-0.0843506,-0.983582,-0.157715
1479684174413605,-0.0256348,-0.0848999,-0.983582,-0.157349
1479684174436167,-0.0259399,-0.085022,-0.983643,-0.157043
1479684174457221,-0.0258789,-0.0848999,-0.983704,-0.156677
1479684174473264,-0.0259399,-0.0853271,-0.983704,-0.156433
1479684174495823,-0.0258789,-0.0852661,-0.983704,-0.156433
1479684174516880,-0.0258179,-0.0852051,-0.983704,-0.156433
1479684174533424,-0.0254517,-0.0849609,-0.983704,-0.156677
1479684174555984,-0.0250854,-0.0845947,-0.983704,-0.157043
1479684174577040,-0.0249023,-0.0845947,-0.983643,-0.15741
1479684174593584,-0.0250854,-0.085022,-0.983521,-0.157776
1479684174616144,-0.0250854,-0.0853271,-0.983459,-0.158081
1479684174637200,-0.0249023,-0.0855713,-0.983398,-0.158325
1479684174653242,-0.0248413,-0.0856934,-0.983337,-0.158569
1479684174675802,-0.0247192,-0.0856934,-0.983276,-0.158936
1479684174696859,-0.0247803,-0.0857544,-0.983215,-0.159241
1479684174713403,-0.0250244,-0.0863647,-0.983154,-0.159546
1479684174735964,-0.0249634,-0.0866089,-0.983093,-0.159729
1479684174757018,-0.0249634,-0.0866089,-0.983093,-0.159729
1479684174773562,-0.0249023,-0.0864258,-0.983032,-0.159973
1479684174796122,-0.0249023,-0.0864258,-0.983032,-0.159973
1479684174817178,-0.0247803,-0.0865479,-0.983032,-0.160156
1479684174833221,-0.0244751,-0.0866699,-0.982971,-0.1604
1479684174855788,-0.024292,-0.0869751,-0.98291,-0.160645
1479684174878341,-0.024292,-0.0870361,-0.98291,-0.160828
1479684174893381,-0.024353,-0.0870361,-0.982849,-0.160828
1479684174915942,-0.0244141,-0.0870972,-0.982849,-0.160767
1479684174944517,-0.0244141,-0.0870972,-0.982849,-0.160767
1479684174953544,-0.024353,-0.0870361,-0.982849,-0.160828
1479684174976106,-0.0244141,-0.0870361,-0.982849,-0.160767
1479684174998661,-0.0244141,-0.0870972,-0.982849,-0.160889
1479684175012698,-0.0244141,-0.0870972,-0.982849,-0.160889
1479684175036264,-0.0244141,-0.0871582,-0.982849,-0.160889
1479684175058320,-0.0244141,-0.0870972,-0.982849,-0.160889
1479684175072859,-0.0244141,-0.0870361,-0.982849,-0.160889
1479684175095919,-0.0244141,-0.0870972,-0.982849,-0.160889
1479684175118483,-0.0244141,-0.0870972,-0.982849,-0.160889
1479684175139536,-0.0244141,-0.0870972,-0.982849,-0.160889
1479684175156098,-0.0244141,-0.0870972,-0.982849,-0.160889
1479684175178640,-0.0244141,-0.0870972,-0.982849,-0.160889
1479684175192677,-0.0244141,-0.0870972,-0.982849,-0.160889
1479684175216240,-0.0244141,-0.0870972,-0.982849,-0.160889
1479684175238307,-0.0244141,-0.0871582,-0.982849,-0.160889
1479684175252838,-0.024353,-0.0870972,-0.982849,-0.160889
1479684175275899,-0.0244141,-0.0871582,-0.982849,-0.160889
1479684175298459,-0.0244141,-0.0871582,-0.982849,-0.160889
1479684175312998,-0.0244141,-0.0870972,-0.982849,-0.160889
1479684175336060,-0.024292,-0.0869141,-0.982849,-0.160889
1479684175358619,-0.024231,-0.086731,-0.98291,-0.160828
1479684175379675,-0.024231,-0.0866699,-0.98291,-0.160828
1479684175395717,-0.024231,-0.0866699,-0.98291,-0.160828
1479684175418277,-0.024231,-0.0866699,-0.98291,-0.160828
1479684175439333,-0.024231,-0.0866699,-0.98291,-0.160828
1479684175455878,-0.0239868,-0.0863647,-0.982971,-0.160767
1479684175478439,-0.0240479,-0.0863647,-0.982971,-0.160767
1479684175499493,-0.0240479,-0.0863647,-0.982971,-0.160767
1479684175516037,-0.0239868,-0.0863647,-0.982971,-0.160767
1479684175538598,-0.0239868,-0.0863037,-0.982971,-0.160645
1479684175559653,-0.0237427,-0.0859985,-0.983032,-0.160583
1479684175576197,-0.0236816,-0.0859985,-0.983032,-0.160583
1479684175598256,-0.0236816,-0.0859985,-0.983032,-0.160583
1479684175619314,-0.0237427,-0.0859985,-0.983032,-0.160583
1479684175635856,-0.0237427,-0.0859375,-0.983032,-0.160583
1479684175658416,-0.0237427,-0.0859985,-0.983032,-0.160583
1479684175679471,-0.0234375,-0.0857544,-0.983032,-0.160583
1479684175696016,-0.0230713,-0.0853271,-0.983093,-0.160645
1479684175724591,-0.0230713,-0.0853271,-0.983093,-0.160645
1479684175739631,-0.0230713,-0.0852661,-0.983093,-0.160645
1479684175756175,-0.0230713,-0.0852661,-0.983093,-0.160645
1479684175778735,-0.0229492,-0.0852051,-0.983093,-0.160583
1479684175800797,-0.0228271,-0.0848999,-0.983154,-0.160583
1479684175815835,-0.0228271,-0.0848999,-0.983154,-0.160583
1479684175838395,-0.0228271,-0.0848999,-0.983154,-0.160583
1479684175860954,-0.0228271,-0.0849609,-0.983154,-0.160583
1479684175875997,-0.0224609,-0.0845947,-0.983215,-0.160461
1479684175898554,-0.0220337,-0.0842285,-0.983276,-0.160339
1479684175921115,-0.0220337,-0.0839844,-0.983276,-0.160217
1479684175935157,-0.0220947,-0.0839233,-0.983337,-0.160034
1479684175958714,-0.0222168,-0.0840454,-0.983337,-0.15979
1479684175980773,-0.0221558,-0.0840454,-0.983398,-0.159485
1479684175995312,-0.0218506,-0.0834961,-0.983521,-0.15918
1479684176018880,-0.0217285,-0.0831909,-0.983582,-0.158936
1479684176040933,-0.0219116,-0.083252,-0.983582,-0.158752
1479684176055471,-0.0221558,-0.083313,-0.983643,-0.158508
1479684176078537,-0.0221558,-0.0830078,-0.983704,-0.158203
1479684176102599,-0.0218506,-0.0823975,-0.983765,-0.157959
1479684176115130,-0.0218506,-0.0822144,-0.983826,-0.157837
1479684176138693,-0.0217285,-0.0823975,-0.983826,-0.157776
1479684176160751,-0.0214233,-0.0817261,-0.983887,-0.157654
1479684176175291,-0.0215454,-0.0807495,-0.984009,-0.157471
1479684176198352,-0.0217285,-0.0809326,-0.984009,-0.157471
1479684176220912,-0.0220337,-0.081665,-0.983948,-0.15741
1479684176235453,-0.0218506,-0.081543,-0.984009,-0.157227
1479684176258513,-0.0214233,-0.0808105,-0.98407,-0.156982
1479684176281072,-0.0211792,-0.0803833,-0.984131,-0.156982
1479684176302132,-0.0209961,-0.0800781,-0.984131,-0.157288
1479684176318675,-0.0209961,-0.0799561,-0.98407,-0.157654
1479684176341231,-0.0212402,-0.0801392,-0.984009,-0.157898
1479684176361786,-0.0211792,-0.0802612,-0.983948,-0.158081
1479684176378331,-0.0209351,-0.0802002,-0.983948,-0.158325
1479684176400891,-0.0206909,-0.0800171,-0.983887,-0.15863
1479684176421946,-0.0205688,-0.0797119,-0.983887,-0.158936
1479684176438491,-0.0204468,-0.0796509,-0.983826,-0.159302
1479684176461051,-0.0205078,-0.0799561,-0.983765,-0.159729
1479684176482106,-0.0203857,-0.079834,-0.983704,-0.160095
1479684176498650,-0.0200195,-0.0793457,-0.983704,-0.1604
1479684176521212,-0.0200195,-0.0794067,-0.983643,-0.160645
1479684176541765,-0.0202637,-0.0797729,-0.983582,-0.160828
1479684176558311,-0.0202637,-0.0797729,-0.983582,-0.160828
1479684176580870,-0.0202637,-0.0796509,-0.983582,-0.160889
1479684176601925,-0.0202026,-0.0795288,-0.983582,-0.161072
1479684176618472,-0.0201416,-0.0794678,-0.983582,-0.161072
1479684176641029,-0.0201416,-0.0794678,-0.983582,-0.161072
1479684176662085,-0.0202026,-0.0795288,-0.983582,-0.161072
1479684176678629,-0.0202026,-0.0794678,-0.983582,-0.161072
1479684176701693,-0.0200806,-0.0792847,-0.983582,-0.16095
1479684176722252,-0.0200806,-0.0792847,-0.983582,-0.16095
1479684176738290,-0.0200806,-0.0792236,-0.983582,-0.16095
1479684176760849,-0.0200806,-0.0792236,-0.983582,-0.16095
1479684176783407,-0.0200806,-0.0792236,-0.983582,-0.16095
1479684176798447,-0.0200195,-0.0788574,-0.983643,-0.16095
1479684176821008,-0.0199585,-0.0787964,-0.983643,-0.16095
1479684176843568,-0.0200195,-0.0787964,-0.983643,-0.16095
1479684176858608,-0.0199585,-0.0787964,-0.983643,-0.16095
1479684176881168,-0.0199585,-0.0787964,-0.983643,-0.16095
1479684176910747,-0.0199585,-0.0787964,-0.983643,-0.16095
1479684176917766,-0.0200195,-0.0787964,-0.983643,-0.16095
1479684176940826,-0.0199585,-0.0787964,-0.983643,-0.16095
1479684176963386,-0.0200195,-0.0787964,-0.983643,-0.16095
1479684176977925,-0.0200195,-0.0787964,-0.983643,-0.16095
1479684177000986,-0.0199585,-0.0787354,-0.983643,-0.16095
1479684177023546,-0.0200195,-0.0787354,-0.983643,-0.16095
1479684177037584,-0.0200195,-0.0787354,-0.983643,-0.16095
1479684177061147,-0.0200195,-0.0787354,-0.983643,-0.16095
1479684177083205,-0.0200195,-0.0787354,-0.983643,-0.16095
1479684177097744,-0.0200195,-0.0787354,-0.983643,-0.16095
1479684177120805,-0.0200195,-0.0787354,-0.983643,-0.16095
1479684177143365,-0.0198364,-0.0786743,-0.983643,-0.161072
1479684177157903,-0.0197144,-0.0784302,-0.983643,-0.161194
1479684177180966,-0.0196533,-0.0784912,-0.983582,-0.161438
1479684177203023,-0.0197144,-0.0788574,-0.983582,-0.16156
1479684177217562,-0.0197754,-0.0788574,-0.983521,-0.16156
1479684177248645,-0.0197754,-0.0787964,-0.983582,-0.16156
1479684177263686,-0.0197754,-0.0787964,-0.983582,-0.16156
1479684177293264,-0.0197754,-0.0788574,-0.983582,-0.16156
1479684177306800,-0.0197754,-0.0787964,-0.983582,-0.16156
1479684177323344,-0.0197754,-0.0787964,-0.983582,-0.16156
1479684177353424,-0.0197754,-0.0788574,-0.983521,-0.16156
1479684177360944,-0.0196533,-0.0786133,-0.983582,-0.161499
1479684177383504,-0.0195313,-0.0783081,-0.983582,-0.161499
1479684177404560,-0.0195313,-0.0783691,-0.983582,-0.161499
1479684177421104,-0.0195313,-0.0783081,-0.983582,-0.161499
1479684177443664,-0.0194702,-0.0783081,-0.983643,-0.161499
1479684177464720,-0.0195313,-0.0783081,-0.983582,-0.161499
1479684177480762,-0.0195313,-0.0783081,-0.983582,-0.161499
1479684177503322,-0.0194702,-0.0783081,-0.983643,-0.161499
1479684177524378,-0.0195313,-0.0783081,-0.983582,-0.161499
1479684177540923,-0.0195313,-0.0783081,-0.983582,-0.161499
1479684177563483,-0.0195313,-0.0782471,-0.983643,-0.161499
1479684177584539,-0.0195313,-0.0783081,-0.983582,-0.161499
1479684177601082,-0.0194702,-0.0783081,-0.983582,-0.161499
1479684177623642,-0.0194702,-0.0782471,-0.983643,-0.161499
1479684177644698,-0.0194702,-0.0783081,-0.983582,-0.161499
1479684177660741,-0.0194702,-0.0783081,-0.983643,-0.161499
1479684177683301,-0.0195313,-0.0782471,-0.983643,-0.161499
1479684177705863,-0.0195313,-0.0782471,-0.983643,-0.161499
1479684177720903,-0.0195313,-0.0782471,-0.983643,-0.161499
1479684177743461,-0.0194702,-0.0782471,-0.983643,-0.161499
1479684177766021,-0.0194702,-0.0782471,-0.983643,-0.161499
1479684177781062,-0.0194702,-0.0782471,-0.983643,-0.161499
1479684177811141,-0.0194702,-0.078186,-0.983643,-0.161499
1479684177832213,-0.0194702,-0.078186,-0.983643,-0.161499
1479684177840219,-0.0194702,-0.078186,-0.983643,-0.161499
1479684177863280,-0.0194702,-0.078186,-0.983643,-0.161499
1479684177885841,-0.0194702,-0.078186,-0.983643,-0.161499
1479684177900379,-0.0194702,-0.078186,-0.983643,-0.161499
1479684177923440,-0.0194702,-0.078125,-0.983643,-0.161499
1479684177946000,-0.0194702,-0.078125,-0.983643,-0.161499
1479684177960554,-0.0194702,-0.078186,-0.983643,-0.161499
1479684177983600,-0.0194702,-0.078125,-0.983643,-0.161499
1479684178006159,-0.0194702,-0.0783081,-0.983582,-0.16156
1479684178020203,-0.0195313,-0.0783691,-0.983582,-0.16156
1479684178043259,-0.0192871,-0.0779419,-0.983643,-0.161621
1479684178065818,-0.0192261,-0.0779419,-0.983643,-0.161621
1479684178080357,-0.0194092,-0.0782471,-0.983582,-0.161682
1479684178103418,-0.0194092,-0.0782471,-0.983582,-0.161682
1479684178126481,-0.0194092,-0.0782471,-0.983582,-0.161682
1479684178140517,-0.0194092,-0.0782471,-0.983582,-0.161682
1479684178163579,-0.0193481,-0.0782471,-0.983582,-0.161682
1479684178186139,-0.0193481,-0.0782471,-0.983582,-0.161682
1479684178207194,-0.0194092,-0.0782471,-0.983582,-0.161682
1479684178223237,-0.0194092,-0.078186,-0.983582,-0.161682
1479684178253319,-0.0194092,-0.078186,-0.983582,-0.161682
1479684178266853,-0.0194092,-0.0782471,-0.983582,-0.161682
1479684178283399,-0.0194092,-0.0782471,-0.983582,-0.161682
1479684178305957,-0.0193481,-0.078186,-0.983582,-0.161682
1479684178327013,-0.0194092,-0.078186,-0.983582,-0.161682
1479684178343557,-0.0194092,-0.078186,-0.983582,-0.161682
1479684178366117,-0.0193481,-0.078125,-0.983582,-0.161682
1479684178387173,-0.0193481,-0.078186,-0.983582,-0.161682
1479684178403717,-0.0193481,-0.078186,-0.983582,-0.161682
1479684178425776,-0.0193481,-0.078125,-0.983582,-0.161682
1479684178446831,-0.0193481,-0.078125,-0.983582,-0.161682
1479684178463376,-0.0194092,-0.078125,-0.983582,-0.161682
1479684178485937,-0.0193481,-0.078064,-0.983582,-0.161682
1479684178506992,-0.0193481,-0.078064,-0.983582,-0.161682
1479684178523536,-0.0194092,-0.078125,-0.983582,-0.161682
1479684178553616,-0.0193481,-0.078064,-0.983582,-0.161682
1479684178567152,-0.0193481,-0.078064,-0.983582,-0.161682
1479684178583194,-0.0194092,-0.078064,-0.983582,-0.161682
1479684178605769,-0.0194092,-0.0780029,-0.983582,-0.161682
1479684178626810,-0.0194092,-0.0780029,-0.983582,-0.161682
1479684178643856,-0.0194092,-0.078064,-0.983582,-0.161682
1479684178665915,-0.0194092,-0.0780029,-0.983582,-0.161682
1479684178688474,-0.0193481,-0.0780029,-0.983582,-0.161682
1479684178703514,-0.0194092,-0.0780029,-0.983582,-0.161682
1479684178726074,-0.0194092,-0.0779419,-0.983582,-0.161682
1479684178748634,-0.0194092,-0.0779419,-0.983643,-0.161682
1479684178763674,-0.0194092,-0.0780029,-0.983582,-0.161682
1479684178785734,-0.0194092,-0.0779419,-0.983582,-0.161682
1479684178808293,-0.0193481,-0.0778809,-0.983643,-0.161682
1479684178822831,-0.0194092,-0.0779419,-0.983643,-0.161682
1479684178845897,-0.0194092,-0.0778809,-0.983643,-0.161682
1479684178868456,-0.0193481,-0.0778809,-0.983643,-0.161682
1479684178882992,-0.0193481,-0.0779419,-0.983643,-0.161682
1479684178906053,-0.0194092,-0.0779419,-0.983643,-0.161682
1479684178928613,-0.0193481,-0.0778809,-0.983643,-0.161682
1479684178942650,-0.0194092,-0.0778809,-0.983643,-0.161682
1479684178965712,-0.0194092,-0.0778809,-0.983643,-0.161682
1479684178988272,-0.0193481,-0.0778198,-0.983643,-0.161682
1479684179002813,-0.0193481,-0.0778198,-0.983643,-0.161682
1479684179025872,-0.0193481,-0.0778198,-0.983643,-0.161682
1479684179048432,-0.0193481,-0.0777588,-0.983643,-0.161682
1479684179062971,-0.0194702,-0.0780029,-0.983582,-0.161682
1479684179086032,-0.0195923,-0.0783081,-0.983582,-0.161743
1479684179108592,-0.0195923,-0.0783081,-0.983582,-0.161743
1479684179122629,-0.0194702,-0.078125,-0.983582,-0.161682
1479684179145690,-0.0194092,-0.0778198,-0.983643,-0.161621
1479684179174266,-0.0194092,-0.0777588,-0.983643,-0.161621
1479684179190811,-0.0195313,-0.0779419,-0.983582,-0.161621
1479684179211866,-0.0195313,-0.0780029,-0.983582,-0.161621
1479684179229414,-0.0195313,-0.0780029,-0.983582,-0.161621
1479684179249466,-0.0195313,-0.0780029,-0.983582,-0.161621
1479684179266026,-0.0195313,-0.0780029,-0.983582,-0.161621
1479684179288571,-0.0195313,-0.0780029,-0.983582,-0.161621
1479684179311130,-0.0195313,-0.0779419,-0.983582,-0.161621
1479684179325669,-0.0197144,-0.0783081,-0.983582,-0.161499
1479684179348229,-0.0198975,-0.0784302,-0.983643,-0.161255
1479684179369284,-0.0200806,-0.0782471,-0.983704,-0.161011
1479684179385829,-0.0200806,-0.0782471,-0.983704,-0.161011
1479684179408394,-0.0202637,-0.0784302,-0.983643,-0.161011
1479684179430950,-0.0204468,-0.0787354,-0.983643,-0.161011
1479684179445989,-0.0204468,-0.0787964,-0.983643,-0.161011
1479684179468049,-0.0205078,-0.0787354,-0.983643,-0.161011
1479684179489605,-0.0205078,-0.0786743,-0.983643,-0.161011
1479684179506149,-0.020874,-0.0790405,-0.983582,-0.161133
1479684179528209,-0.0209351,-0.0790405,-0.983582,-0.161133
1479684179549264,-0.020752,-0.0787354,-0.983582,-0.161377
1479684179565809,-0.020874,-0.0789795,-0.983521,-0.161499
1479684179588369,-0.0210571,-0.0794678,-0.983459,-0.161743
1479684179610930,-0.0209351,-0.0795288,-0.983398,-0.161926
1479684179616442,-0.020874,-0.0795288,-0.983398,-0.161926
1479684179631482,-0.0210571,-0.0797729,-0.983398,-0.162048
1479684179654043,-0.0213623,-0.0800781,-0.983337,-0.162109
1479684179676101,-0.0213623,-0.0801392,-0.983337,-0.162109
1479684179691140,-0.0213013,-0.0800171,-0.983276,-0.162354
1479684179713702,-0.0210571,-0.0796509,-0.983276,-0.162537
1479684179736263,-0.020752,-0.0795288,-0.983276,-0.162903
1479684179752806,-0.0206299,-0.0797119,-0.983215,-0.163208
1479684179773860,-0.0205688,-0.0797119,-0.983154,-0.163452
1479684179796421,-0.0205688,-0.0797119,-0.983154,-0.163452
1479684179812965,-0.020813,-0.0802612,-0.983093,-0.163452
1479684179834022,-0.020813,-0.0802612,-0.983093,-0.163452
1479684179856080,-0.020752,-0.0802002,-0.983154,-0.16333
1479684179872624,-0.020813,-0.0801392,-0.983154,-0.163147
1479684179893679,-0.020813,-0.0801392,-0.983154,-0.163147
1479684179916239,-0.0206299,-0.079895,-0.983215,-0.163025
1479684179932784,-0.0204468,-0.0796509,-0.983215,-0.162964
1479684179953840,-0.0204468,-0.0796509,-0.983215,-0.162964
1479684179976400,-0.0205078,-0.0792236,-0.983276,-0.162781
1479684179992944,-0.0205078,-0.0792236,-0.983276,-0.162781
1479684180014001,-0.020813,-0.0792847,-0.983337,-0.162476
1479684180036559,-0.0209351,-0.0791626,-0.983398,-0.162231
1479684180052604,-0.0209351,-0.0789795,-0.983459,-0.162048
1479684180073658,-0.0209351,-0.0789795,-0.983459,-0.162048
1479684180096219,-0.020874,-0.0789185,-0.983459,-0.162048
1479684180118778,-0.020874,-0.0789185,-0.983459,-0.162048
1479684180133818,-0.020874,-0.0788574,-0.983459,-0.162048
1479684180156385,-0.020813,-0.0787964,-0.983459,-0.162048
1479684180172922,-0.020813,-0.0787964,-0.983459,-0.162048
1479684180193978,-0.020813,-0.0787964,-0.983459,-0.162048
1479684180216538,-0.020813,-0.0787964,-0.983459,-0.162048
1479684180239098,-0.020813,-0.0787964,-0.983459,-0.162048
1479684180253637,-0.020813,-0.0787964,-0.983459,-0.162048
1479684180276197,-0.020813,-0.0787354,-0.983459,-0.162048
1479684180292741,-0.020813,-0.0787354,-0.983459,-0.162048
1479684180313797,-0.020813,-0.0787354,-0.983459,-0.162048
1479684180336357,-0.020813,-0.0786743,-0.983459,-0.162048
1479684180354405,-0.020813,-0.0786743,-0.983459,-0.162048
1479684180373957,-0.020813,-0.0787964,-0.983398,-0.162292
1479684180396516,-0.0206909,-0.0786743,-0.983398,-0.162476
1479684180414064,-0.0206909,-0.0787964,-0.983337,-0.16272
1479684180433615,-0.0206909,-0.0790405,-0.983276,-0.162842
1479684180456176,-0.0206909,-0.0790405,-0.983276,-0.162842
1479684180478736,-0.0206909,-0.0790405,-0.983276,-0.162842
1479684180496784,-0.0206909,-0.0790405,-0.983276,-0.162842
1479684180516336,-0.0206909,-0.0790405,-0.983276,-0.162842
1479684180538895,-0.0206909,-0.0789795,-0.983276,-0.162842
1479684180561455,-0.0206909,-0.0790405,-0.983276,-0.162842
1479684180576497,-0.0206909,-0.0790405,-0.983276,-0.162842
1479684180598554,-0.0206909,-0.0789795,-0.983276,-0.162842
1479684180613594,-0.0206909,-0.0790405,-0.983276,-0.162842
1479684180636154,-0.0206909,-0.0790405,-0.983276,-0.162842
1479684180658714,-0.0206909,-0.0789795,-0.983276,-0.162842
1479684180673754,-0.0206909,-0.0790405,-0.983276,-0.162842
1479684180696314,-0.0206909,-0.0790405,-0.983276,-0.162842
1479684180718875,-0.0206299,-0.0789795,-0.983276,-0.162903
1479684180733914,-0.0206299,-0.0790405,-0.983276,-0.162903
1479684180756474,-0.0206299,-0.0789795,-0.983276,-0.162903
1479684180779034,-0.0206299,-0.0789795,-0.983276,-0.162903
1479684180793573,-0.0206299,-0.0789795,-0.983276,-0.162903
1479684180817639,-0.0206299,-0.0789795,-0.983276,-0.162903
1479684180838693,-0.0206299,-0.0789795,-0.983276,-0.162903
1479684180853733,-0.0206299,-0.0789795,-0.983276,-0.162903
1479684180876296,-0.0206299,-0.0789795,-0.983276,-0.162903
1479684180898853,-0.0205688,-0.0789795,-0.983276,-0.162903
1479684180913893,-0.0205688,-0.0789795,-0.983276,-0.162903
1479684180936454,-0.0205688,-0.0789795,-0.983276,-0.162903
1479684180959020,-0.0205688,-0.0789795,-0.983276,-0.162903
1479684180973553,-0.0205688,-0.0789795,-0.983276,-0.162903
1479684180996111,-0.0205688,-0.0789795,-0.983276,-0.162903
1479684181018672,-0.0205688,-0.0789185,-0.983276,-0.162903
1479684181035219,-0.0205688,-0.0789185,-0.983337,-0.162903
1479684181056271,-0.0205688,-0.0789795,-0.983276,-0.162903
1479684181078832,-0.0205688,-0.0789185,-0.983276,-0.162903
1479684181093890,-0.0205078,-0.0789185,-0.983337,-0.162903
1479684181116433,-0.0205688,-0.0789795,-0.983276,-0.162903
1479684181138991,-0.0205688,-0.0789795,-0.983276,-0.162903
1479684181155034,-0.0205688,-0.0789185,-0.983337,-0.162903
1479684181176090,-0.0205688,-0.0789795,-0.983276,-0.162903
1479684181198650,-0.0205688,-0.0789795,-0.983276,-0.162903
1479684181215194,-0.0205688,-0.0789185,-0.983337,-0.162903
1479684181236250,-0.0205688,-0.0789795,-0.983276,-0.162903
1479684181258810,-0.0205688,-0.0789795,-0.983276,-0.162903
1479684181275359,-0.0205688,-0.0789185,-0.983337,-0.162903
1479684181296410,-0.0205688,-0.0789185,-0.983276,-0.162903
1479684181318970,-0.0205688,-0.0789795,-0.983276,-0.162903
1479684181335515,-0.0205078,-0.0789185,-0.983337,-0.162903
1479684181356069,-0.0205078,-0.0789185,-0.983276,-0.162903
1479684181378629,-0.0205688,-0.0789795,-0.983276,-0.162903
1479684181395173,-0.0205078,-0.0789185,-0.983337,-0.162903
1479684181416229,-0.0205688,-0.0789185,-0.983276,-0.162903
1479684181438789,-0.0205688,-0.0789795,-0.983276,-0.162903
1479684181455333,-0.0205078,-0.0789185,-0.983337,-0.162903
1479684181476389,-0.0205078,-0.0789185,-0.983337,-0.162903
1479684181498949,-0.0205078,-0.0789185,-0.983276,-0.162903
1479684181516997,-0.0205078,-0.0789185,-0.983337,-0.162903
1479684181536559,-0.0205078,-0.0789185,-0.983337,-0.162903
1479684181558607,-0.0205078,-0.0789185,-0.983337,-0.162903
1479684181576656,-0.0205078,-0.0789185,-0.983337,-0.162903
1479684181596207,-0.0205078,-0.0788574,-0.983337,-0.162903
1479684181618768,-0.0205078,-0.0788574,-0.983337,-0.162903
1479684181636816,-0.0205078,-0.0788574,-0.983337,-0.162903
1479684181656367,-0.0205078,-0.0788574,-0.983337,-0.162903
1479684181678928,-0.0205078,-0.0789185,-0.983337,-0.162903
1479684181696475,-0.0205078,-0.0789185,-0.983337,-0.162903
1479684181716026,-0.0205078,-0.0788574,-0.983337,-0.162903
1479684181738586,-0.0205078,-0.0789185,-0.983337,-0.162903
1479684181756634,-0.0205078,-0.0788574,-0.983337,-0.162903
1479684181776186,-0.0205078,-0.0788574,-0.983337,-0.162903
1479684181798746,-0.0205078,-0.0788574,-0.983337,-0.162903
1479684181816795,-0.0205078,-0.0788574,-0.983337,-0.162903
1479684181836361,-0.0205078,-0.0788574,-0.983337,-0.162903
1479684181858907,-0.0205078,-0.0788574,-0.983337,-0.162903
1479684181876954,-0.0205078,-0.0788574,-0.983337,-0.162903
1479684181896506,-0.0205078,-0.0788574,-0.983337,-0.162903
1479684181919067,-0.0205078,-0.0788574,-0.983337,-0.162903
1479684181936614,-0.0205078,-0.0788574,-0.983337,-0.162903
1479684181956202,-0.0204468,-0.0787964,-0.983337,-0.162903
1479684181978725,-0.0205078,-0.0788574,-0.983337,-0.162903
1479684182001304,-0.0205078,-0.0788574,-0.983337,-0.162903
1479684182016326,-0.0205078,-0.0787964,-0.983337,-0.162903
1479684182038885,-0.0204468,-0.0787964,-0.983337,-0.162903
1479684182061444,-0.0205078,-0.0788574,-0.983337,-0.162903
1479684182078993,-0.0204468,-0.0787964,-0.983337,-0.162903
1479684182098544,-0.0204468,-0.0788574,-0.983337,-0.162903
1479684182121104,-0.0205078,-0.0788574,-0.983337,-0.162903
1479684182137647,-0.0204468,-0.0787964,-0.983337,-0.162903
1479684182158712,-0.0204468,-0.0787964,-0.983337,-0.162903
1479684182181263,-0.0204468,-0.0788574,-0.983337,-0.162903
1479684182197809,-0.0203857,-0.0783691,-0.983337,-0.162842
1479684182218866,-0.0203857,-0.0783691,-0.983337,-0.162842
1479684182241423,-0.0205078,-0.0787354,-0.983337,-0.162903
1479684182257968,-0.0205078,-0.0786743,-0.983337,-0.162903
1479684182279030,-0.0205078,-0.0786743,-0.983337,-0.162903
1479684182301594,-0.0205078,-0.0786743,-0.983337,-0.162903
1479684182317626,-0.0205078,-0.0786743,-0.983337,-0.162903
1479684182338683,-0.0205078,-0.0786133,-0.983337,-0.162903
1479684182361242,-0.0205078,-0.0786743,-0.983337,-0.162903
1479684182377787,-0.0205078,-0.0786133,-0.983337,-0.162903
1479684182398843,-0.0205078,-0.0786133,-0.983337,-0.162903
1479684182428923,-0.0205078,-0.0786743,-0.983337,-0.162903
1479684182438950,-0.0205078,-0.0786133,-0.983337,-0.162903
1479684182459002,-0.0204468,-0.0785522,-0.983337,-0.162903
1479684182481061,-0.0205078,-0.0786133,-0.983337,-0.162903
1479684182499111,-0.0205078,-0.0786133,-0.983337,-0.162903
1479684182518663,-0.0204468,-0.0785522,-0.983337,-0.162903
1479684182541221,-0.0204468,-0.0785522,-0.983337,-0.162903
1479684182559269,-0.0204468,-0.0785522,-0.983337,-0.162903
1479684182578822,-0.0204468,-0.0785522,-0.983337,-0.162903
1479684182601383,-0.0204468,-0.0785522,-0.983337,-0.162903
1479684182619434,-0.0205078,-0.0785522,-0.983337,-0.162903
1479684182638989,-0.0204468,-0.0785522,-0.983337,-0.162903
1479684182661040,-0.0204468,-0.0785522,-0.983337,-0.162903
1479684182679088,-0.0204468,-0.0785522,-0.983337,-0.162903
1479684182698640,-0.0204468,-0.0785522,-0.983337,-0.162903
1479684182721200,-0.0204468,-0.0785522,-0.983337,-0.162903
1479684182739251,-0.0204468,-0.0785522,-0.983337,-0.162903
1479684182760305,-0.0204468,-0.0784912,-0.983337,-0.162903
1479684182784372,-0.0203857,-0.0784912,-0.983337,-0.162903
1479684182799408,-0.0204468,-0.0785522,-0.983337,-0.162903
1479684182818964,-0.0204468,-0.0784912,-0.983337,-0.162903
1479684182841520,-0.0203857,-0.0784912,-0.983337,-0.162903
1479684182859066,-0.0205688,-0.0788574,-0.983276,-0.162964
1479684182878618,-0.0205688,-0.0787964,-0.983276,-0.162964
1479684182901183,-0.0205688,-0.0787964,-0.983337,-0.162964
1479684182919226,-0.0205688,-0.0787964,-0.983276,-0.162964
1479684182938779,-0.0205688,-0.0787964,-0.983337,-0.162964
1479684182968859,-0.0205688,-0.0787354,-0.983337,-0.162964
1479684182979386,-0.0205688,-0.0787964,-0.983337,-0.162964
1479684182998938,-0.0205688,-0.0787964,-0.983337,-0.162964
1479684183021499,-0.0205688,-0.0787354,-0.983337,-0.162964
1479684183039045,-0.0205688,-0.0787354,-0.983337,-0.162964
1479684183060101,-0.0205688,-0.0787354,-0.983337,-0.162964
1479684183082661,-0.0205688,-0.0787354,-0.983337,-0.162964
1479684183099707,-0.0205688,-0.0787354,-0.983337,-0.162964
1479684183120261,-0.0205688,-0.0787354,-0.983337,-0.162964
1479684183141317,-0.0205078,-0.0787354,-0.983337,-0.162964
1479684183159366,-0.0205078,-0.0787354,-0.983337,-0.162964
1479684183180421,-0.0205078,-0.0787354,-0.983337,-0.162964
1479684183201478,-0.0205078,-0.0786743,-0.983337,-0.162964
1479684183219026,-0.0205078,-0.0786743,-0.983337,-0.162964
1479684183240080,-0.0205688,-0.0786743,-0.983337,-0.162964
1479684183268659,-0.0205078,-0.0786133,-0.983337,-0.162964
1479684183279184,-0.0205078,-0.0786743,-0.983337,-0.162964
1479684183300240,-0.0205688,-0.0786743,-0.983337,-0.162964
1479684183321296,-0.0205078,-0.0786133,-0.983337,-0.162964
1479684183339344,-0.0205078,-0.0786133,-0.983337,-0.162964
1479684183360400,-0.0205078,-0.0786133,-0.983337,-0.162964
1479684183381456,-0.0205688,-0.0786743,-0.983276,-0.163025
1479684183399005,-0.0205688,-0.0786743,-0.983276,-0.163025
1479684183421562,-0.0205688,-0.0787354,-0.983276,-0.163025
1479684183441115,-0.0205078,-0.0786743,-0.983276,-0.163025
1479684183463674,-0.0205078,-0.0786743,-0.983276,-0.163025
1479684183481724,-0.0205078,-0.0786743,-0.983276,-0.163025
1479684183501276,-0.0205078,-0.0786743,-0.983276,-0.163025
1479684183523835,-0.0205078,-0.0786133,-0.983337,-0.163025
1479684183541882,-0.0205078,-0.0786743,-0.983276,-0.163025
1479684183561435,-0.0205078,-0.0786133,-0.983337,-0.163025
1479684183583997,-0.0205078,-0.0786133,-0.983337,-0.163025
1479684183601541,-0.0205078,-0.0786743,-0.983276,-0.163025
1479684183621093,-0.0205078,-0.0786743,-0.983276,-0.163025
1479684183643653,-0.0205078,-0.0786133,-0.983337,-0.163025
1479684183661701,-0.0205078,-0.0786743,-0.983276,-0.163025
1479684183681253,-0.0205078,-0.0786743,-0.983276,-0.163025
1479684183703814,-0.0204468,-0.0786743,-0.983337,-0.163025
1479684183721861,-0.0204468,-0.0786743,-0.983276,-0.163025
1479684183741413,-0.0205078,-0.0786743,-0.983276,-0.163025
1479684183763972,-0.0204468,-0.0786133,-0.983337,-0.163025
1479684183781520,-0.0204468,-0.0786743,-0.983337,-0.163025
1479684183801073,-0.0204468,-0.0786743,-0.983276,-0.163025
1479684183823632,-0.0204468,-0.0786133,-0.983337,-0.163025
1479684183841680,-0.0203857,-0.0786743,-0.983276,-0.163025
1479684183862752,-0.0204468,-0.0786743,-0.983276,-0.163025
1479684183891311,-0.0204468,-0.0786133,-0.983337,-0.163025
1479684183901840,-0.0203857,-0.0786133,-0.983337,-0.163025
1479684183921392,-0.0204468,-0.0786743,-0.983337,-0.163025
1479684183943951,-0.0203857,-0.0786133,-0.983337,-0.163025
1479684183961498,-0.0203857,-0.0786133,-0.983337,-0.163025
1479684183982556,-0.0203857,-0.0786133,-0.983337,-0.163025
1479684184003610,-0.0203857,-0.0786133,-0.983337,-0.163025
1479684184021660,-0.0203857,-0.0786133,-0.983337,-0.163025
1479684184042714,-0.0204468,-0.0786133,-0.983337,-0.163025
1479684184063770,-0.0204468,-0.0786133,-0.983337,-0.163025
1479684184081830,-0.0204468,-0.0785522,-0.983337,-0.163025
1479684184103878,-0.0204468,-0.0786133,-0.983337,-0.163025
1479684184123930,-0.0204468,-0.0785522,-0.983337,-0.163025
1479684184148998,-0.0205078,-0.0786133,-0.983276,-0.163086
1479684184162533,-0.0205078,-0.0786743,-0.983276,-0.163086
1479684184183590,-0.0205078,-0.0786743,-0.983276,-0.163086
1479684184201639,-0.0205078,-0.0786743,-0.983276,-0.163086
1479684184222693,-0.0205078,-0.0786743,-0.983276,-0.163086
1479684184243749,-0.0205078,-0.0786743,-0.983276,-0.163086
1479684184261797,-0.0205078,-0.0786743,-0.983276,-0.163086
1479684184282853,-0.0205078,-0.0786743,-0.983276,-0.163086
1479684184303909,-0.0205078,-0.0787354,-0.983276,-0.163086
1479684184321457,-0.0205078,-0.0786743,-0.983276,-0.163086
1479684184344016,-0.0205078,-0.0787354,-0.983276,-0.163086
1479684184363568,-0.0205078,-0.0787354,-0.983276,-0.163086
1479684184381615,-0.0205078,-0.0786743,-0.983276,-0.163086
1479684184404176,-0.0205078,-0.0787354,-0.983276,-0.163086
1479684184425236,-0.0205078,-0.0787354,-0.983276,-0.163086
1479684184449297,-0.0205078,-0.0786743,-0.983276,-0.163086
1479684184464336,-0.0205078,-0.0787354,-0.983276,-0.163086
1479684184483889,-0.0205078,-0.0787354,-0.983276,-0.163086
1479684184501936,-0.0204468,-0.0787354,-0.983276,-0.163086
1479684184523994,-0.0204468,-0.0787354,-0.983276,-0.163086
1479684184543546,-0.0205078,-0.0787964,-0.983276,-0.163086
1479684184561594,-0.0204468,-0.0787354,-0.983276,-0.163086
1479684184584159,-0.0204468,-0.0787354,-0.983276,-0.163086
1479684184603707,-0.0204468,-0.0787964,-0.983276,-0.163086
1479684184621755,-0.0204468,-0.0787964,-0.983276,-0.163086
1479684184644314,-0.0204468,-0.0787964,-0.983276,-0.163086
1479684184663867,-0.0204468,-0.0787964,-0.983276,-0.163086
1479684184681413,-0.0204468,-0.0787964,-0.983276,-0.163086
1479684184704475,-0.0204468,-0.0787964,-0.983276,-0.163086
1479684184723525,-0.0204468,-0.0787964,-0.983276,-0.163086
1479684184741573,-0.0204468,-0.0787964,-0.983276,-0.163086
1479684184764134,-0.0204468,-0.0787964,-0.983276,-0.163086
1479684184783686,-0.0204468,-0.0787354,-0.983276,-0.163025
1479684184801737,-0.0204468,-0.0786743,-0.983276,-0.163025
1479684184824295,-0.0204468,-0.0786743,-0.983276,-0.163025
1479684184843845,-0.0204468,-0.0786743,-0.983276,-0.163025
1479684184861894,-0.0203247,-0.0784912,-0.983337,-0.162964
1479684184884455,-0.0203247,-0.0784912,-0.983337,-0.162964
1479684184904005,-0.0203247,-0.0784912,-0.983337,-0.162964
1479684184926065,-0.0203247,-0.0784912,-0.983337,-0.162964
1479684184944112,-0.0203247,-0.0784912,-0.983337,-0.162964
1479684184965174,-0.0203247,-0.0784912,-0.983337,-0.162964
1479684184986224,-0.0203247,-0.0785522,-0.983337,-0.162964
1479684185004278,-0.0203247,-0.0784912,-0.983337,-0.162964
1479684185025328,-0.0203247,-0.0785522,-0.983337,-0.162964
1479684185046384,-0.0203247,-0.0785522,-0.983337,-0.162964
1479684185064432,-0.0203247,-0.0784912,-0.983337,-0.162964
1479684185092507,-0.0202637,-0.0785522,-0.983337,-0.162964
1479684185106544,-0.0202637,-0.0785522,-0.983337,-0.162964
1479684185124091,-0.0202637,-0.0785522,-0.983337,-0.162964
1479684185146650,-0.0202637,-0.0785522,-0.983337,-0.162964
1479684185166202,-0.0202637,-0.0786133,-0.983337,-0.162964
1479684185184255,-0.0202637,-0.0785522,-0.983337,-0.162964
1479684185205307,-0.0202637,-0.0785522,-0.983337,-0.162964
1479684185226362,-0.0202637,-0.0785522,-0.983337,-0.162964
1479684185244410,-0.0202637,-0.0785522,-0.983337,-0.162964
1479684185264965,-0.0202637,-0.0785522,-0.983337,-0.162964
1479684185286522,-0.0202637,-0.0785522,-0.983337,-0.162964
1479684185304070,-0.0202637,-0.0785522,-0.983337,-0.162964
1479684185326630,-0.0202637,-0.0785522,-0.983337,-0.162964
1479684185346181,-0.0202637,-0.0785522,-0.983337,-0.162964
1479684185364229,-0.0202637,-0.0785522,-0.983337,-0.162964
1479684185386790,-0.0202637,-0.0784912,-0.983337,-0.162964
1479684185406340,-0.0202637,-0.0785522,-0.983337,-0.162964
1479684185424389,-0.0203247,-0.0785522,-0.983337,-0.162964
1479684185446448,-0.0202637,-0.0785522,-0.983337,-0.162964
1479684185466501,-0.0202637,-0.0785522,-0.983337,-0.162964
1479684185484051,-0.0202637,-0.0785522,-0.983337,-0.162964
1479684185506608,-0.0202637,-0.0785522,-0.983337,-0.162964
1479684185533682,-0.0202637,-0.0785522,-0.983337,-0.162964
1479684185544209,-0.0202637,-0.0785522,-0.983337,-0.162964
1479684185566771,-0.0202637,-0.0784912,-0.983337,-0.162964
1479684185586320,-0.0202637,-0.0785522,-0.983337,-0.162964
1479684185604368,-0.0202637,-0.0785522,-0.983337,-0.162964
1479684185626426,-0.0202026,-0.0785522,-0.983337,-0.162964
1479684185646479,-0.0202026,-0.0785522,-0.983337,-0.162964
1479684185664026,-0.0202637,-0.0785522,-0.983337,-0.162964
1479684185686586,-0.0202026,-0.0785522,-0.983337,-0.162964
1479684185706139,-0.0202026,-0.0785522,-0.983337,-0.162964
1479684185724186,-0.0202026,-0.0785522,-0.983337,-0.162964
1479684185746747,-0.0202026,-0.0785522,-0.983337,-0.162964
1479684185769306,-0.0202026,-0.0784912,-0.983337,-0.162964
1479684185784349,-0.0202026,-0.0785522,-0.983337,-0.162964
1479684185812922,-0.0202026,-0.0785522,-0.983337,-0.162964
1479684185826460,-0.0202026,-0.0785522,-0.983337,-0.162964
1479684185844005,-0.0202026,-0.0785522,-0.983337,-0.162964
1479684185866568,-0.0202026,-0.0785522,-0.983337,-0.162964
1479684185887621,-0.0202026,-0.0785522,-0.983337,-0.162964
1479684185904167,-0.0202026,-0.0785522,-0.983337,-0.162964
1479684185926725,-0.0202026,-0.0785522,-0.983337,-0.162964
1479684185947782,-0.0202026,-0.0785522,-0.983337,-0.162964
1479684185964327,-0.0202026,-0.0785522,-0.983337,-0.162964
1479684185986886,-0.0202026,-0.0785522,-0.983337,-0.162964
1479684186007941,-0.0202026,-0.0785522,-0.983337,-0.162964
1479684186024988,-0.0202026,-0.0785522,-0.983337,-0.162964
1479684186046544,-0.0202026,-0.0785522,-0.983337,-0.162964
1479684186067600,-0.0202026,-0.0784912,-0.983337,-0.162964
1479684186091666,-0.0202026,-0.0785522,-0.983337,-0.162964
1479684186106704,-0.0202026,-0.0785522,-0.983337,-0.162964
1479684186127761,-0.0202026,-0.0784912,-0.983337,-0.162964
1479684186144304,-0.0202026,-0.0785522,-0.983337,-0.162964
1479684186166867,-0.0202026,-0.0785522,-0.983337,-0.162964
1479684186187919,-0.0200806,-0.0783081,-0.983398,-0.162842
1479684186203963,-0.0200806,-0.0783081,-0.983398,-0.162842
1479684186226539,-0.0200806,-0.0783081,-0.983398,-0.162842
1479684186249083,-0.0200806,-0.0783081,-0.983398,-0.162842
1479684186264122,-0.0200195,-0.078186,-0.983398,-0.162842
1479684186286683,-0.0200806,-0.078186,-0.983398,-0.162781
1479684186309243,-0.0200806,-0.078186,-0.983398,-0.162842
1479684186324282,-0.0200806,-0.078186,-0.983398,-0.162842
1479684186346842,-0.0200195,-0.078125,-0.983398,-0.162781
1479684186369403,-0.0200195,-0.078064,-0.983398,-0.162781
1479684186388956,-0.0200195,-0.078064,-0.983398,-0.162781
1479684186406501,-0.0200195,-0.078064,-0.983398,-0.162781
1479684186434576,-0.0200195,-0.078064,-0.983398,-0.162781
1479684186448613,-0.0198975,-0.0778809,-0.983459,-0.16272
1479684186465659,-0.0198975,-0.0778809,-0.983459,-0.16272
1479684186488219,-0.0198364,-0.0778809,-0.983459,-0.16272
1479684186509275,-0.0198364,-0.0778809,-0.983459,-0.16272
1479684186525818,-0.0198975,-0.0778809,-0.983459,-0.16272
1479684186548378,-0.0198975,-0.0778809,-0.983459,-0.16272
1479684186569437,-0.0198364,-0.0778198,-0.983459,-0.16272
1479684186585979,-0.0198364,-0.0778809,-0.983459,-0.16272
1479684186608538,-0.0198364,-0.0778809,-0.983459,-0.16272
1479684186629594,-0.0198364,-0.0778198,-0.983459,-0.16272
1479684186645639,-0.0198364,-0.0778809,-0.983459,-0.16272
1479684186668197,-0.0198975,-0.0778809,-0.983459,-0.16272
1479684186689253,-0.0198364,-0.0778809,-0.983459,-0.16272
1479684186705797,-0.0198364,-0.0778809,-0.983459,-0.16272
1479684186728366,-0.0198364,-0.0778809,-0.983459,-0.16272
1479684186749413,-0.0198364,-0.0778809,-0.983459,-0.16272
1479684186765957,-0.0198364,-0.0778809,-0.983459,-0.16272
1479684186788518,-0.0198364,-0.0778809,-0.983459,-0.16272
1479684186809572,-0.0198364,-0.0778809,-0.983459,-0.16272
1479684186826129,-0.0198364,-0.0778809,-0.983459,-0.16272
1479684186848175,-0.0198364,-0.0779419,-0.983398,-0.16272
1479684186869232,-0.0198364,-0.0778809,-0.983459,-0.16272
1479684186885780,-0.0198364,-0.0778809,-0.983459,-0.16272
1479684186908335,-0.0198975,-0.0779419,-0.983398,-0.16272
1479684186929392,-0.0198975,-0.0778809,-0.983459,-0.16272
1479684186946437,-0.0198364,-0.0778809,-0.983459,-0.16272
1479684186968497,-0.0198364,-0.0779419,-0.983398,-0.16272
1479684186989588,-0.0198364,-0.0778809,-0.983459,-0.16272
1479684187006096,-0.0198364,-0.0778809,-0.983459,-0.16272
1479684187028154,-0.0198364,-0.0779419,-0.983398,-0.16272
1479684187049714,-0.0198364,-0.0778809,-0.983459,-0.16272
1479684187065755,-0.0198364,-0.0778809,-0.983459,-0.16272
1479684187088315,-0.0198975,-0.0779419,-0.983398,-0.16272
1479684187109370,-0.0198364,-0.0778809,-0.983398,-0.16272
1479684187125914,-0.0198364,-0.0778809,-0.983459,-0.16272
1479684187148474,-0.0198364,-0.0778809,-0.983459,-0.16272
1479684187169530,-0.0198364,-0.0778809,-0.983459,-0.16272
1479684187185072,-0.0198364,-0.0780029,-0.983398,-0.162842
1479684187208634,-0.0198364,-0.078064,-0.983398,-0.162842
1479684187230698,-0.0198364,-0.078064,-0.983398,-0.162842
1479684187245733,-0.0198364,-0.078064,-0.983398,-0.162842
1479684187268293,-0.0198364,-0.078064,-0.983398,-0.162842
1479684187290853,-0.0198364,-0.078125,-0.983398,-0.162842
1479684187305893,-0.0198364,-0.078064,-0.983398,-0.162842
1479684187328453,-0.0198975,-0.078125,-0.983398,-0.162842
1479684187351014,-0.0198975,-0.078125,-0.983398,-0.162842
1479684187365052,-0.0198975,-0.078125,-0.983398,-0.162842
1479684187388613,-0.0198975,-0.078186,-0.983398,-0.162842
1479684187410672,-0.0198975,-0.078186,-0.983398,-0.162842
1479684187425212,-0.0198364,-0.078125,-0.983398,-0.162842
1479684187455792,-0.0198364,-0.078125,-0.983398,-0.162842
1479684187470834,-0.0198975,-0.078186,-0.983398,-0.162842
1479684187485371,-0.0198364,-0.078186,-0.983398,-0.162842
1479684187508433,-0.0198364,-0.078186,-0.983398,-0.162842
1479684187531494,-0.0198364,-0.078186,-0.983398,-0.162842
1479684187545029,-0.0198364,-0.078186,-0.983398,-0.162842
1479684187568592,-0.0198364,-0.078186,-0.983398,-0.162842
1479684187590650,-0.0198364,-0.078186,-0.983398,-0.162842
1479684187605189,-0.0198364,-0.078186,-0.983398,-0.162842
1479684187628251,-0.0198364,-0.078186,-0.983398,-0.162842
1479684187650812,-0.0198975,-0.0782471,-0.983398,-0.162842
1479684187671866,-0.0198975,-0.0782471,-0.983398,-0.162842
1479684187688411,-0.0198364,-0.0782471,-0.983398,-0.162842
1479684187710971,-0.0198975,-0.0783081,-0.983398,-0.162842
1479684187732027,-0.0198975,-0.0782471,-0.983398,-0.162842
1479684187754587,-0.0198975,-0.0782471,-0.983398,-0.162842
1479684187770631,-0.0198975,-0.0783081,-0.983398,-0.162842
1479684187791685,-0.0198975,-0.0783081,-0.983398,-0.162842
1479684187808229,-0.0198975,-0.0782471,-0.983398,-0.162842
1479684187830789,-0.0198975,-0.0783081,-0.983398,-0.162842
1479684187851845,-0.0198975,-0.0783081,-0.983398,-0.162842
1479684187868389,-0.0198975,-0.0783081,-0.983398,-0.162842
1479684187890949,-0.0198975,-0.0783081,-0.983398,-0.162842
1479684187912006,-0.0198975,-0.0783691,-0.983398,-0.162842
1479684187928550,-0.0198975,-0.0783081,-0.983398,-0.162842
1479684187951112,-0.0198364,-0.0779419,-0.983398,-0.162903
1479684187972165,-0.0198975,-0.0773926,-0.983398,-0.16333
1479684187988208,-0.0201416,-0.0767822,-0.983215,-0.164429
1479684188010769,-0.0211182,-0.0783081,-0.982971,-0.165039
1479684188033329,-0.0217896,-0.0795898,-0.982849,-0.165283
1479684188048367,-0.0218506,-0.0792236,-0.98291,-0.165039
1479684188070927,-0.0221558,-0.0778809,-0.983093,-0.164612
1479684188091483,-0.0254517,-0.0783081,-0.982788,-0.165588
1479684188107525,-0.0309448,-0.0852661,-0.981812,-0.166931
1479684188131087,-0.03302,-0.0914307,-0.981018,-0.168091
1479684188153147,-0.0331421,-0.0925293,-0.980835,-0.168457
1479684188167688,-0.0348511,-0.0908813,-0.981079,-0.167603
1479684188190746,-0.0344849,-0.0887451,-0.981506,-0.16626
1479684188213308,-0.0349731,-0.0876465,-0.981995,-0.164001
1479684188227846,-0.0335083,-0.0858154,-0.982666,-0.161011
1479684188250908,-0.02948,-0.0809937,-0.98407,-0.155762
1479684188273466,-0.024231,-0.0739746,-0.98584,-0.148621
1479684188294523,-0.0180664,-0.0670776,-0.987854,-0.139343
1479684188311066,-0.0118408,-0.0606079,-0.989929,-0.127441
1479684188333127,-0.00579834,-0.053833,-0.992126,-0.113464
1479684188354182,-0.000183105,-0.0455322,-0.994263,-0.097229
1479684188370725,0.00512695,-0.0354004,-0.996338,-0.0783691
1479684188393285,0.00927734,-0.024292,-0.998047,-0.057251
1479684188414341,0.0109863,-0.0144653,-0.999268,-0.034668
1479684188430885,0.0100098,-0.00695801,-0.999878,-0.0113525
1479684188453447,0.00799561,-0.00012207,-0.999939,0.0114746
1479684188474502,0.00482178,0.00701904,-0.99939,0.0339966
1479684188491047,0.000610352,0.0154419,-0.998291,0.0570679
1479684188513611,-0.0045166,0.026001,-0.996399,0.0806274
1479684188534665,-0.0115356,0.0383911,-0.993774,0.104065
1479684188550705,-0.0194702,0.0504761,-0.990479,0.126648
1479684188573264,-0.0287476,0.0629883,-0.986816,0.146545
1479684188594320,-0.0372925,0.0751953,-0.98291,0.163818
1479684188610865,-0.045166,0.0883179,-0.979065,0.177795
1479684188633424,-0.0535278,0.10083,-0.975342,0.189087
1479684188654480,-0.0637817,0.11908,-0.97113,0.196594
1479684188671024,-0.0756226,0.137268,-0.96698,0.201172
1479684188693082,-0.088562,0.154419,-0.962891,0.203003
1479684188714639,-0.102417,0.173523,-0.958557,0.20166
1479684188730183,-0.117432,0.196533,-0.95343,0.196594
1479684188753244,-0.134094,0.221619,-0.947449,0.187866
1479684188774298,-0.152771,0.246094,-0.940613,0.177124
1479684188790863,-0.171265,0.267883,-0.933533,0.165527
1479684188813402,-0.188721,0.28772,-0.926514,0.152344
1479684188834481,-0.206116,0.307861,-0.91864,0.137451
1479684188851002,-0.22229,0.325439,-0.910889,0.122559
1479684188873562,-0.236023,0.340393,-0.903687,0.108521
1479684188894619,-0.247681,0.350464,-0.898132,0.0960693
1479684188910160,-0.258789,0.358459,-0.892944,0.0845337
1479684188933225,-0.269348,0.364624,-0.888306,0.0740967
1479684188954277,-0.27887,0.368652,-0.884399,0.0651245
1479684188970320,-0.286438,0.371582,-0.881226,0.0576172
1479684188993394,-0.292358,0.374695,-0.878418,0.0504761
1479684189014437,-0.296326,0.37793,-0.876038,0.0438232
1479684189029978,-0.298218,0.378418,-0.875427,0.0393677
1479684189053541,-0.299805,0.375366,-0.876343,0.0355225
1479684189076106,-0.300232,0.371033,-0.878235,0.0310669
1479684189090138,-0.299561,0.366943,-0.88031,0.026123
1479684189113199,-0.297668,0.362671,-0.882813,0.0220947
1479684189135761,-0.295593,0.356018,-0.886353,0.0170898
1479684189150301,-0.293213,0.348511,-0.890198,0.0113525
1479684189173360,-0.28949,0.343262,-0.893555,0.00372314
1479684189195920,-0.28595,0.339539,-0.896118,-0.00512695
1479684189209957,-0.284058,0.335327,-0.898132,-0.0139771
1479684189233524,-0.28302,0.330261,-0.900208,-0.0227661
1479684189256080,-0.282288,0.323669,-0.902527,-0.0314941
1479684189277135,-0.280823,0.317566,-0.904846,-0.0403442
1479684189293179,-0.278259,0.310303,-0.907654,-0.0501099
1479684189315741,-0.275024,0.301147,-0.911133,-0.0597534
1479684189336794,-0.27301,0.287354,-0.915588,-0.0681152
1479684189353350,-0.26947,0.272705,-0.92041,-0.0768433
1479684189376400,-0.263306,0.260986,-0.924805,-0.0858765
1479684189396955,-0.25708,0.249817,-0.928772,-0.0943604
1479684189419515,-0.250366,0.237671,-0.933105,-0.101196
1479684189436059,-0.242371,0.224304,-0.937927,-0.106689
1479684189457114,-0.232544,0.213745,-0.942322,-0.111084
1479684189473157,-0.222229,0.204956,-0.946106,-0.116272
1479684189495718,-0.212708,0.192993,-0.950195,-0.121033
1479684189516778,-0.204468,0.177612,-0.954468,-0.125183
1479684189533326,-0.195435,0.161987,-0.958801,-0.127563
1479684189555877,-0.184143,0.15155,-0.962585,-0.128723
1479684189576934,-0.174438,0.141724,-0.965576,-0.131348
1479684189593479,-0.166809,0.129272,-0.96814,-0.134949
1479684189616043,-0.160461,0.115906,-0.970398,-0.138672
1479684189637093,-0.153015,0.104858,-0.972412,-0.141663
1479684189653136,-0.144836,0.0948486,-0.974182,-0.145325
1479684189675696,-0.136292,0.0841064,-0.975708,-0.149719
1479684189696752,-0.127625,0.0734863,-0.976807,-0.155823
1479684189713296,-0.119629,0.0640869,-0.977417,-0.162354
1479684189735858,-0.113464,0.0578003,-0.977051,-0.170959
1479684189756913,-0.108337,0.0534058,-0.976257,-0.180176
1479684189772453,-0.103333,0.052002,-0.975098,-0.189514
1479684189796015,-0.100159,0.0500488,-0.97345,-0.199829
1479684189819579,-0.0990601,0.0456543,-0.971558,-0.210449
1479684189832617,-0.0969849,0.0422363,-0.969849,-0.219849
1479684189855679,-0.0929565,0.0410156,-0.96875,-0.22644
1479684189876767,-0.0866699,0.0421753,-0.968384,-0.230347
1479684189892773,-0.0790405,0.0444336,-0.968384,-0.232605
1479684189915836,-0.0706177,0.0457153,-0.96875,-0.233459
1479684189936928,-0.0618896,0.0450439,-0.969482,-0.232971
1479684189952933,-0.0523071,0.0431519,-0.970581,-0.231262
1479684189975994,-0.0411987,0.041626,-0.971863,-0.228271
1479684189997088,-0.0288086,0.0410156,-0.973267,-0.224243
1479684190012593,-0.0159302,0.0402222,-0.97467,-0.219421
1479684190035662,-0.0032959,0.0384521,-0.976135,-0.213989
1479684190058213,0.00933838,0.036438,-0.977417,-0.208008
1479684190072752,0.022522,0.0351563,-0.978577,-0.201904
1479684190095813,0.0351563,0.0341797,-0.979431,-0.19574
1479684190118373,0.0473022,0.0335083,-0.980225,-0.189453
1479684190139443,0.0588379,0.0324707,-0.980957,-0.182373
1479684190155975,0.0702515,0.0325317,-0.981628,-0.174561
1479684190178535,0.0819092,0.0335693,-0.982117,-0.166382
1479684190199592,0.0927124,0.0339355,-0.982483,-0.158142
1479684190216136,0.103455,0.0335083,-0.982727,-0.14978
1479684190238192,0.114563,0.0335693,-0.982788,-0.141296
1479684190259247,0.125305,0.0335693,-0.982727,-0.13208
1479684190275792,0.136597,0.0335693,-0.982544,-0.122131
1479684190298352,0.148376,0.0339355,-0.981995,-0.112122
1479684190319430,0.159607,0.0332642,-0.981262,-0.102661
1479684190335953,0.170837,0.0310669,-0.980347,-0.0941162
1479684190358511,0.182007,0.0283813,-0.979126,-0.0859375
1479684190379568,0.193359,0.0255127,-0.977722,-0.0777588
1479684190395611,0.204773,0.0234375,-0.976074,-0.069519
1479684190418170,0.215759,0.0220337,-0.974304,-0.0614624
1479684190439226,0.226685,0.0197754,-0.97229,-0.0543213
1479684190455772,0.236938,0.0166626,-0.970215,-0.0480347
1479684190478331,0.246704,0.0133667,-0.968079,-0.0422974
1479684190506906,0.25592,0.0103149,-0.965942,-0.0366821
1479684190515934,0.26416,0.00732422,-0.963989,-0.0313721
1479684190538491,0.271729,0.00408936,-0.962036,-0.0264893
1479684190559546,0.278442,0.000549316,-0.960205,-0.0217896
1479684190576090,0.284058,-0.00323486,-0.958679,-0.0171509
1479684190598149,0.289001,-0.00665283,-0.957214,-0.0131836
1479684190619205,0.293518,-0.00970459,-0.955872,-0.0100708
1479684190635750,0.296753,-0.0122681,-0.954895,-0.00738525
1479684190658309,0.298523,-0.0134888,-0.954346,-0.00500488
1479684190679365,0.298767,-0.0142212,-0.954224,-0.00292969
1479684190695910,0.298218,-0.0148315,-0.954407,-0.000915527
1479684190718469,0.29718,-0.0139771,-0.954712,0.000549316
1479684190739525,0.295471,-0.0123291,-0.955322,0.00158691
1479684190756069,0.293091,-0.0108643,-0.956055,0.00195313
1479684190778128,0.290405,-0.00842285,-0.956909,0.00183105
1479684190799686,0.28656,-0.00427246,-0.958069,0.000854492
1479684190815227,0.280762,0.0010376,-0.959778,-0.0022583
1479684190838789,0.272278,0.00732422,-0.962219,-0.00756836
1479684190859344,0.260986,0.0147095,-0.965149,-0.0148315
1479684190875386,0.246826,0.0236206,-0.968506,-0.0236206
1479684190898448,0.230164,0.0349121,-0.971985,-0.03302
1479684190919503,0.211975,0.0471191,-0.97522,-0.0425415
1479684190935045,0.192627,0.0603027,-0.978088,-0.0516357
1479684190958106,0.172607,0.0736084,-0.980347,-0.0613403
1479684190980667,0.151855,0.0859985,-0.982056,-0.0719604
1479684190995206,0.131104,0.0975342,-0.983154,-0.0823364
1479684191018266,0.111389,0.108032,-0.983582,-0.0923462
1479684191040829,0.0930786,0.117493,-0.983459,-0.101746
1479684191055365,0.0748901,0.127197,-0.982788,-0.111572
1479684191077925,0.0562744,0.13623,-0.981445,-0.122681
1479684191101488,0.0363159,0.143677,-0.979675,-0.135376
1479684191122042,0.0164185,0.149597,-0.977356,-0.148926
1479684191138586,-0.00256348,0.15741,-0.974121,-0.162292
1479684191160646,-0.0219116,0.167236,-0.969727,-0.176697
1479684191182204,-0.0430908,0.175171,-0.964478,-0.192993
1479684191198245,-0.0654297,0.181763,-0.958496,-0.209717
1479684191220805,-0.0880127,0.188232,-0.951599,-0.226685
1479684191241862,-0.111084,0.194519,-0.943604,-0.243835
1479684191258407,-0.134521,0.200562,-0.934631,-0.261169
1479684191280965,-0.158264,0.206116,-0.924683,-0.278381
1479684191302025,-0.18158,0.210571,-0.914185,-0.295044
1479684191318064,-0.203918,0.214417,-0.903381,-0.310486
1479684191340624,-0.223877,0.219177,-0.892578,-0.324402
1479684191361679,-0.242432,0.223694,-0.881714,-0.337402
1479684191378750,-0.260925,0.226013,-0.871277,-0.348938
1479684191400784,-0.277893,0.226807,-0.861877,-0.358582
1479684191421840,-0.292603,0.226501,-0.853821,-0.366211
1479684191438389,-0.304749,0.225159,-0.847412,-0.372131
1479684191460944,-0.313232,0.223267,-0.842896,-0.376343
1479684191482000,-0.318848,0.221069,-0.840149,-0.379028
1479684191498546,-0.32251,0.218018,-0.838745,-0.380859
1479684191520603,-0.324646,0.213562,-0.83844,-0.382263
1479684191541659,-0.325256,0.207642,-0.839294,-0.383118
1479684191557701,-0.324219,0.199951,-0.841248,-0.38385
1479684191580762,-0.320618,0.190857,-0.844604,-0.384094
1479684191601818,-0.313293,0.183228,-0.849182,-0.383728
1479684191618362,-0.303833,0.176025,-0.85437,-0.383179
1479684191640923,-0.29364,0.166992,-0.860291,-0.381958
1479684191661978,-0.282104,0.156189,-0.867004,-0.379944
1479684191678021,-0.268372,0.144592,-0.875183,-0.375732
1479684191701082,-0.253662,0.134766,-0.882141,-0.373291
1479684191721637,-0.239136,0.123901,-0.888672,-0.371216
1479684191737680,-0.223999,0.113037,-0.895386,-0.367981
1479684191761258,-0.207886,0.101563,-0.902222,-0.364075
1479684191781799,-0.191956,0.0900879,-0.908142,-0.361145
1479684191797842,-0.177734,0.0773926,-0.913025,-0.35907
1479684191820901,-0.163635,0.0641479,-0.917358,-0.3573
1479684191841957,-0.149231,0.0509644,-0.92157,-0.354919
1479684191857498,-0.133972,0.0388184,-0.925598,-0.351929
1479684191880559,-0.119324,0.0285034,-0.928711,-0.349976
1479684191902117,-0.105896,0.0180054,-0.931335,-0.348022
1479684191918160,-0.0925903,0.00805664,-0.93396,-0.345215
1479684191941221,-0.0792236,6.10352e-005,-0.936279,-0.342224
1479684191963786,-0.0673828,-0.00744629,-0.938232,-0.339478
1479684191977818,-0.0570068,-0.0150757,-0.939697,-0.337097
1479684192000881,-0.046875,-0.0217285,-0.94104,-0.334351
1479684192023440,-0.0373535,-0.0265503,-0.942322,-0.331726
1479684192037477,-0.0294189,-0.0311279,-0.943115,-0.329834
1479684192061039,-0.0231934,-0.0354004,-0.943542,-0.328613
1479684192083601,-0.0182495,-0.0375366,-0.943909,-0.327698
1479684192104156,-0.0142212,-0.0377197,-0.944153,-0.327148
1479684192120699,-0.0122681,-0.0368042,-0.944275,-0.327026
1479684192143258,-0.0125122,-0.0350952,-0.944214,-0.327271
1479684192164314,-0.0142822,-0.0314331,-0.944336,-0.327271
1479684192180858,-0.0170898,-0.0258179,-0.944519,-0.327148
1479684192203420,-0.0213013,-0.0198364,-0.944885,-0.326233
1479684192224474,-0.0259399,-0.0122681,-0.945618,-0.324097
1479684192241018,-0.0300903,-0.00378418,-0.946716,-0.32074
1479684192263077,-0.0336304,0.00537109,-0.948242,-0.315857
1479684192284635,-0.036438,0.0149536,-0.950134,-0.309448
1479684192300684,-0.038269,0.0241089,-0.952576,-0.301147
1479684192323237,-0.0396118,0.0327148,-0.955505,-0.290649
1479684192344292,-0.0400391,0.0413208,-0.958862,-0.278198
1479684192360837,-0.039978,0.0493164,-0.962463,-0.264038
1479684192383401,-0.0400391,0.0557861,-0.966309,-0.248169
1479684192404453,-0.0385742,0.0628662,-0.970337,-0.230469
1479684192421009,-0.0363159,0.0697021,-0.974304,-0.211304
1479684192451077,-0.0335693,0.0754395,-0.978149,-0.190979
1479684192472133,-0.0299072,0.0804443,-0.98175,-0.169861
1479684192480655,-0.0256348,0.0835571,-0.985107,-0.148132
1479684192503216,-0.0217285,0.0846558,-0.98822,-0.126099
1479684192524272,-0.0172729,0.0841675,-0.990967,-0.103088
1479684192540816,-0.0119019,0.0841064,-0.993286,-0.0791016
1479684192563376,-0.00628662,0.0848999,-0.994934,-0.0539551
1479684192584934,-0.000610352,0.0853882,-0.995972,-0.027832
1479684192600976,0.00494385,0.085083,-0.996399,-0.00177002
1479684192623535,0.00946045,0.0839233,-0.996155,0.0240479
1479684192652112,0.0123291,0.0806274,-0.995483,0.0493774
1479684192661637,0.0139771,0.0753784,-0.994324,0.0741577
1479684192683195,0.0151367,0.0708618,-0.992554,0.0984497
1479684192704250,0.015564,0.06604,-0.990295,0.121704
1479684192720293,0.0160522,0.0617676,-0.98761,0.143372
1479684192743354,0.0161743,0.0575562,-0.984802,0.163147
1479684192764410,0.0152588,0.052002,-0.982056,0.180725
1479684192779952,0.0165405,0.0452881,-0.979431,0.195984
1479684192803514,0.0176392,0.0384521,-0.977051,0.208801
1479684192824570,0.0185547,0.0324097,-0.974792,0.220032
1479684192846629,0.0197144,0.0280151,-0.972778,0.229187
1479684192863173,0.020813,0.0239258,-0.971008,0.237
1479684192885733,0.0230103,0.022583,-0.969788,0.241882
1479684192900274,0.0261841,0.0206299,-0.969055,0.24469
1479684192923333,0.0303345,0.0192261,-0.96875,0.245422
1479684192945911,0.034668,0.0210571,-0.969177,0.243164
1479684192959930,0.0390015,0.0267944,-0.970276,0.237427
1479684192983495,0.0427246,0.0341187,-0.971985,0.228638
1479684193007056,0.0453491,0.041687,-0.974182,0.217285
1479684193027112,0.0465088,0.0515747,-0.976563,0.203735
1479684193049671,0.0459595,0.0635376,-0.978943,0.188477
1479684193065712,0.0439453,0.076355,-0.981262,0.171387
1479684193086768,0.0410767,0.088623,-0.983521,0.152344
1479684193103814,0.0358276,0.100525,-0.985596,0.131287
1479684193126373,0.0291748,0.111816,-0.987366,0.108398
1479684193146927,0.0213013,0.123657,-0.988464,0.0847168
1479684193163973,0.0123291,0.135925,-0.988831,0.0601196
1479684193186031,0.00189209,0.146729,-0.988586,0.0343628
1479684193207087,-0.010437,0.156433,-0.98761,0.00750732
1479684193223130,-0.0231323,0.1651,-0.98584,-0.0196533
1479684193245691,-0.0355225,0.173889,-0.982971,-0.0479126
1479684193266746,-0.0491943,0.181763,-0.979126,-0.0767822
1479684193283291,-0.0631714,0.18811,-0.974487,-0.105408
1479684193305853,-0.0755615,0.193481,-0.969238,-0.132385
1479684193326906,-0.0856934,0.19873,-0.963623,-0.157166
1479684193343450,-0.0938721,0.202698,-0.957947,-0.180115
1479684193366011,-0.0985107,0.205444,-0.952881,-0.200562
1479684193387066,-0.098999,0.208557,-0.948608,-0.216675
1479684193403109,-0.0946655,0.21283,-0.945435,-0.227966
1479684193425670,-0.0864258,0.215027,-0.94397,-0.235107
1479684193446725,-0.0730591,0.215576,-0.944336,-0.237549
1479684193463270,-0.0551758,0.212769,-0.947021,-0.234253
1479684193485829,-0.0349121,0.205994,-0.951416,-0.226196
1479684193507386,-0.0117188,0.197327,-0.956665,-0.21405
1479684193523429,0.0136108,0.187012,-0.962158,-0.197876
1479684193545989,0.0407715,0.175537,-0.967346,-0.178467
1479684193567045,0.0687866,0.161865,-0.971924,-0.156555
1479684193582588,0.0963135,0.145203,-0.975708,-0.132874
1479684193605647,0.122803,0.126099,-0.978394,-0.108582
1479684193626704,0.146912,0.10437,-0.97998,-0.0845947
1479684193642746,0.169678,0.0805664,-0.980347,-0.060791
1479684193665809,0.192444,0.0581665,-0.978882,-0.0380859
1479684193686864,0.214661,0.0366821,-0.975891,-0.0170898
1479684193702906,0.235291,0.0167847,-0.971802,0.00195313
1479684193725968,0.253052,-0.000488281,-0.967285,0.0192871
1479684193747024,0.266724,-0.0159912,-0.963074,0.0336304
1479684193762565,0.276611,-0.0303345,-0.959412,0.0464478
1479684193785627,0.281738,-0.0424805,-0.956848,0.0576172
1479684193806683,0.283447,-0.0522461,-0.955322,0.0654907
1479684193822725,0.280457,-0.0596924,-0.955444,0.0703735
1479684193845787,0.273132,-0.0651245,-0.957031,0.0730591
1479684193868347,0.261841,-0.0697632,-0.959839,0.0732422
1479684193882886,0.250244,-0.0737915,-0.96283,0.0703735
1479684193905946,0.239502,-0.0761108,-0.96582,0.0638428
1479684193928507,0.229797,-0.0747681,-0.968933,0.0526733
1479684193942544,0.218994,-0.0698242,-0.972534,0.0380249
1479684193965609,0.207947,-0.0612183,-0.976013,0.0209961
1479684193988165,0.197571,-0.0482788,-0.979126,0.00256348
1479684194009221,0.18512,-0.0319214,-0.982056,-0.0172119
1479684194025765,0.172058,-0.0131836,-0.984314,-0.0372925
1479684194048327,0.159851,0.00787354,-0.985474,-0.0577393
1479684194069381,0.147644,0.0296631,-0.985535,-0.0784302
1479684194085931,0.133972,0.048645,-0.984741,-0.100098
1479684194108485,0.117859,0.0653687,-0.983276,-0.122986
1479684194136559,0.097229,0.0811157,-0.980774,-0.148621
1479684194148092,0.0720825,0.0932617,-0.977478,-0.175354
1479684194168645,0.0443726,0.103149,-0.973083,-0.201538
1479684194189200,0.0150146,0.113647,-0.967285,-0.226379
1479684194205744,-0.0175171,0.124084,-0.960266,-0.24939
1479684194228304,-0.0516968,0.133179,-0.952148,-0.270264
1479684194249360,-0.0847168,0.141357,-0.94342,-0.287964
1479684194265906,-0.115417,0.151306,-0.934082,-0.302246
1479684194288481,-0.142578,0.16095,-0.924988,-0.313538
1479684194309520,-0.163696,0.169861,-0.917236,-0.321167
1479684194325573,-0.18103,0.17926,-0.910645,-0.325378
1479684194348625,-0.191589,0.189209,-0.906189,-0.326233
1479684194369179,-0.197266,0.196411,-0.904663,-0.322815
1479684194385722,-0.197998,0.200256,-0.906006,-0.316162
1479684194414299,-0.195129,0.202087,-0.910034,-0.304932
1479684194429338,-0.188171,0.201233,-0.916809,-0.289124
1479684194445882,-0.176697,0.201477,-0.925232,-0.268677
1479684194468443,-0.161255,0.201965,-0.934937,-0.243347
1479684194489498,-0.142761,0.201599,-0.945068,-0.214294
1479684194506042,-0.122742,0.198853,-0.955139,-0.181946
1479684194528101,-0.101501,0.193481,-0.9646,-0.147827
1479684194549159,-0.0797729,0.185364,-0.972961,-0.112793
1479684194565203,-0.0587158,0.174194,-0.97998,-0.0767212
1479684194588261,-0.0391235,0.158325,-0.98584,-0.0391846
1479684194609317,-0.0203247,0.140625,-0.989868,-0.00250244
1479684194625360,-0.00396729,0.122131,-0.992004,0.0323486
1479684194648423,0.00964355,0.10199,-0.992554,0.0661011
1479684194669477,0.0206909,0.0823975,-0.991577,0.0977173
1479684194692037,0.0283203,0.0656738,-0.989563,0.125305
1479684194714597,0.0323486,0.0501099,-0.987122,0.148743
1479684194729135,0.0339355,0.0324707,-0.984314,0.170105
1479684194745194,0.0341797,0.0135498,-0.980896,0.191223
1479684194768240,0.0305176,0.00128174,-0.977356,0.209595
1479684194790800,0.0230103,-0.0067749,-0.974487,0.223267
1479684194805338,0.0148315,-0.0147095,-0.972107,0.233826
1479684194828408,0.00860596,-0.024353,-0.969482,0.243896
1479684194850964,0.00427246,-0.0304565,-0.96698,0.252991
1479684194864998,-0.000305176,-0.031189,-0.965027,0.260315
1479684194888059,-0.00378418,-0.0292969,-0.963501,0.266235
1479684194910619,-0.00384521,-0.026062,-0.962036,0.271667
1479684194931675,-0.00128174,-0.0201416,-0.960693,0.276917
1479684194948722,0.00299072,-0.0117188,-0.959656,0.281006
1479684194970778,0.00775146,0.00012207,-0.958923,0.283569
1479684194991834,0.0128784,0.0144653,-0.958557,0.284363
1479684195008378,0.0180664,0.0299072,-0.958374,0.283508
1479684195030939,0.0227661,0.0453491,-0.958069,0.282043
1479684195051994,0.0262451,0.0648193,-0.957581,0.279541
1479684195068539,0.0283813,0.0876465,-0.956787,0.275879
1479684195090597,0.0296021,0.111633,-0.955566,0.27124
1479684195111654,0.0298462,0.136536,-0.953918,0.265503
1479684195128198,0.0288086,0.162354,-0.951599,0.25946
1479684195156773,0.0257568,0.189392,-0.948364,0.253235
1479684195171812,0.0214844,0.216125,-0.94458,0.246277
1479684195188358,0.0159302,0.241821,-0.940369,0.238647
1479684195210917,0.00921631,0.266846,-0.935608,0.231018
1479684195231976,0.000732422,0.291382,-0.930054,0.223816
1479684195248517,-0.00860596,0.314758,-0.924194,0.216309
1479684195270576,-0.0198364,0.337158,-0.917969,0.207886
1479684195291631,-0.0325317,0.357727,-0.911804,0.198975
1479684195308176,-0.0465088,0.376648,-0.905579,0.189514
1479684195330736,-0.0606079,0.394409,-0.899231,0.179504
1479684195351791,-0.076416,0.411682,-0.892456,0.16803
1479684195368336,-0.0947266,0.426941,-0.885742,0.155579
1479684195390895,-0.113831,0.441895,-0.878418,0.142151
1479684195411952,-0.133362,0.4552,-0.871094,0.127502
1479684195428495,-0.153198,0.467041,-0.863525,0.112976
1479684195450555,-0.172974,0.476379,-0.856384,0.0988159
1479684195471610,-0.190918,0.482117,-0.85083,0.085083
1479684195488155,-0.206238,0.484802,-0.846985,0.0712891
1479684195510714,-0.219055,0.485352,-0.844421,0.0582275
1479684195531773,-0.22876,0.484192,-0.843262,0.0463867
1479684195547814,-0.235291,0.479309,-0.844788,0.0349121
1479684195570875,-0.237549,0.471558,-0.848938,0.0234375
1479684195591930,-0.235229,0.463013,-0.854492,0.0133057
1479684195607472,-0.229126,0.454407,-0.86084,0.00445557
1479684195631034,-0.220764,0.443665,-0.868591,-0.00366211
1479684195652090,-0.21167,0.426453,-0.879333,-0.00982666
1479684195674149,-0.198425,0.404968,-0.892456,-0.0133667
1479684195690693,-0.182861,0.386536,-0.90387,-0.0142822
1479684195711749,-0.165405,0.367065,-0.915283,-0.0152588
1479684195727792,-0.146912,0.340881,-0.928467,-0.0153809
1479684195750853,-0.124268,0.309753,-0.942627,-0.0125122
1479684195773413,-0.098877,0.285645,-0.953247,-0.00537109
1479684195787450,-0.0768433,0.263367,-0.96167,0.00219727
1479684195811013,-0.0568848,0.232178,-0.971008,0.00787354
1479684195833573,-0.0362549,0.195801,-0.979919,0.0142822
1479684195854128,-0.0144653,0.166504,-0.985657,0.0248413
1479684195870671,0.00231934,0.141602,-0.989319,0.034668
1479684195893232,0.0150757,0.106934,-0.993347,0.0404053
1479684195914288,0.02771,0.0705566,-0.996155,0.0449829
1479684195930832,0.039917,0.0424805,-0.997009,0.0513306
1479684195953893,0.0479736,0.0192871,-0.997253,0.0539551
1479684195974448,0.0515747,-0.00360107,-0.997375,0.0516968
1479684195991496,0.0531616,-0.0229492,-0.997192,0.0483398
1479684196013553,0.0526123,-0.038269,-0.996826,0.0466919
1479684196034107,0.0524292,-0.0510254,-0.996338,0.0454712
1479684196050650,0.052124,-0.0591431,-0.996033,0.0423584
1479684196080731,0.0500488,-0.0601196,-0.996338,0.0359497
1479684196094266,0.0456543,-0.0597534,-0.996826,0.0274048
1479684196118337,0.0405273,-0.057312,-0.997375,0.0198975
1479684196133371,0.036438,-0.0506592,-0.997986,0.0139771
1479684196161959,0.0319824,-0.0406494,-0.998657,0.00872803
1479684196170970,0.0267334,-0.0289307,-0.999268,0.00231934
1479684196193531,0.0214844,-0.0160522,-0.999634,-0.00457764
1479684196214587,0.0174561,-0.00256348,-0.999817,-0.0110474
1479684196230629,0.0137939,0.0107422,-0.999756,-0.0170898
1479684196253691,0.00933838,0.0249634,-0.99939,-0.0232544
1479684196274245,0.0045166,0.0397339,-0.998779,-0.0302124
1479684196290789,-0.00109863,0.0547485,-0.997803,-0.0374146
1479684196313349,-0.00683594,0.0695801,-0.996582,-0.0445557
1479684196334405,-0.0128784,0.0873413,-0.994751,-0.052002
1479684196350949,-0.0198364,0.10376,-0.992615,-0.0600586
1479684196381029,-0.0272827,0.121399,-0.989868,-0.0687866
1479684196394565,-0.0355225,0.138794,-0.986694,-0.0770264
1479684196411610,-0.0442505,0.156433,-0.983032,-0.085144
1479684196433168,-0.053772,0.17395,-0.978882,-0.0930176
1479684196454224,-0.0629272,0.18866,-0.974915,-0.100159
1479684196470267,-0.0723267,0.202698,-0.970764,-0.106323
1479684196493328,-0.0824585,0.215393,-0.966614,-0.112122
1479684196514384,-0.0913696,0.226807,-0.962524,-0.117493
1479684196529925,-0.0991211,0.236572,-0.958862,-0.12207
1479684196553490,-0.105957,0.244629,-0.955566,-0.125854
1479684196574543,-0.111816,0.252197,-0.952576,-0.12854
1479684196590085,-0.116028,0.258362,-0.950195,-0.13031
1479684196613146,-0.118896,0.262756,-0.948608,-0.130615
1479684196635706,-0.120361,0.266052,-0.947693,-0.129089
1479684196650245,-0.120056,0.267151,-0.947815,-0.12616
1479684196673306,-0.117981,0.265747,-0.949097,-0.121521
1479684196695866,-0.113831,0.261719,-0.951538,-0.114685
1479684196710405,-0.107971,0.25531,-0.954895,-0.106445
1479684196733468,-0.100952,0.246704,-0.958862,-0.0977783
1479684196756026,-0.0922852,0.235596,-0.96344,-0.088623
1479684196770063,-0.0812988,0.222046,-0.968506,-0.0783691
1479684196793125,-0.0680542,0.209778,-0.973083,-0.0671387
1479684196815688,-0.0564575,0.19696,-0.977112,-0.0574951
1479684196836742,-0.0462646,0.180298,-0.981323,-0.0491943
1479684196853285,-0.0361938,0.160645,-0.985535,-0.0402832
1479684196875845,-0.0258789,0.143188,-0.988892,-0.0303345
1479684196896901,-0.0184326,0.125671,-0.991638,-0.0227661
1479684196913445,-0.0125732,0.10553,-0.994202,-0.0179443
1479684196936005,-0.0067749,0.0860596,-0.996216,-0.0133667
1479684196957060,-0.00177002,0.0693359,-0.997559,-0.00915527
1479684196979120,6.10352e-005,0.0530396,-0.998596,-0.0078125
1479684196995664,-6.10352e-005,0.0367432,-0.999329,-0.00811768
1479684197016720,-0.00115967,0.022583,-0.999756,-0.00817871
1479684197033264,-0.00305176,0.0118408,-0.999939,-0.00836182
1479684197055826,-0.00634766,0.00317383,-0.999939,-0.0101318
1479684197076880,-0.0100708,-0.0045166,-0.999878,-0.0131836
1479684197093424,-0.0145874,-0.0111694,-0.999756,-0.0158081
1479684197115984,-0.0189819,-0.0165405,-0.999573,-0.0177002
1479684197137040,-0.022522,-0.0187988,-0.99939,-0.0195313
1479684197153082,-0.0257568,-0.0195313,-0.999268,-0.0215454
1479684197175642,-0.0283203,-0.0187988,-0.999207,-0.0223389
1479684197196698,-0.0297852,-0.013855,-0.999268,-0.0222778
1479684197213242,-0.0307007,-0.00695801,-0.999268,-0.0224609
1479684197235803,-0.0315552,0.000366211,-0.999268,-0.0231323
1479684197256858,-0.0331421,0.0098877,-0.999146,-0.024292
1479684197273903,-0.0355225,0.0219727,-0.99884,-0.0263062
1479684197295963,-0.0396118,0.036499,-0.998108,-0.0302734
1479684197317034,-0.0462646,0.0509644,-0.997009,-0.0366821
1479684197333062,-0.0549927,0.0649414,-0.995422,-0.0443726
1479684197355623,-0.0656128,0.079895,-0.993225,-0.0535889
1479684197376677,-0.0785522,0.0943604,-0.990356,-0.0648193
1479684197399237,-0.0930176,0.107239,-0.986816,-0.0782471
1479684197415783,-0.108826,0.118042,-0.982727,-0.0925293
1479684197436837,-0.125732,0.127197,-0.977966,-0.107727
1479684197452879,-0.143066,0.134827,-0.972717,-0.123474
1479684197475942,-0.160645,0.139771,-0.967224,-0.138672
1479684197496997,-0.177429,0.142944,-0.961548,-0.153442
1479684197512538,-0.192383,0.146179,-0.955872,-0.167297
1479684197535600,-0.205872,0.14856,-0.950195,-0.180786
1479684197556656,-0.218506,0.147522,-0.94519,-0.192688
1479684197572700,-0.229736,0.144226,-0.940979,-0.202515
1479684197595761,-0.238953,0.140137,-0.937683,-0.2099
1479684197616816,-0.245483,0.135742,-0.935303,-0.215759
1479684197632859,-0.248962,0.131104,-0.934082,-0.21991
1479684197655935,-0.250305,0.124451,-0.934021,-0.222656
1479684197678480,-0.248962,0.116028,-0.935059,-0.224304
1479684197692517,-0.244934,0.107544,-0.937256,-0.223816
1479684197721595,-0.239319,0.0982666,-0.940002,-0.222717
1479684197738139,-0.232788,0.086731,-0.943054,-0.221375
1479684197752677,-0.224426,0.0744629,-0.946594,-0.219299
1479684197775738,-0.21344,0.0634155,-0.950684,-0.216187
1479684197798300,-0.201721,0.0531616,-0.954468,-0.213318
1479684197819355,-0.190491,0.0420532,-0.957825,-0.211182
1479684197835898,-0.178955,0.0305786,-0.960938,-0.209167
1479684197858458,-0.167419,0.0189209,-0.963867,-0.206482
1479684197879514,-0.156128,0.00756836,-0.966553,-0.203552
1479684197895557,-0.145996,-0.00415039,-0.968567,-0.201538
1479684197918118,-0.136719,-0.0177612,-0.969971,-0.200745
1479684197939173,-0.128113,-0.031311,-0.970886,-0.200195
1479684197955717,-0.120117,-0.0441284,-0.971375,-0.200256
1479684197978780,-0.113281,-0.0567017,-0.971436,-0.200867
1479684197999334,-0.107117,-0.0680542,-0.971008,-0.202637
1479684198015879,-0.101868,-0.0794067,-0.970215,-0.2052
1479684198045957,-0.0977173,-0.0908813,-0.969055,-0.208008
1479684198059493,-0.0947266,-0.101563,-0.96759,-0.211182
1479684198075536,-0.0932617,-0.110413,-0.96582,-0.215332
1479684198098096,-0.0930786,-0.118225,-0.963806,-0.220154
1479684198119151,-0.0946655,-0.12677,-0.961365,-0.225464
1479684198135696,-0.0961914,-0.127625,-0.960144,-0.229431
1479684198158261,-0.0997314,-0.127441,-0.958862,-0.233521
1479684198179312,-0.104919,-0.126953,-0.957336,-0.237671
1479684198195856,-0.111572,-0.125854,-0.955933,-0.240845
1479684198218416,-0.118713,-0.122314,-0.954956,-0.243042
1479684198239471,-0.126282,-0.11792,-0.953979,-0.245361
1479684198255514,-0.133545,-0.110352,-0.953491,-0.246887
1479684198278076,-0.139771,-0.0994873,-0.953735,-0.247192
1479684198299133,-0.147156,-0.0890503,-0.953796,-0.246582
1479684198323194,-0.155762,-0.0796509,-0.953552,-0.245483
1479684198338235,-0.16394,-0.0681763,-0.953491,-0.243774
1479684198359290,-0.172241,-0.055542,-0.95343,-0.241333
1479684198375334,-0.181213,-0.0438232,-0.953064,-0.23877
1479684198398396,-0.190735,-0.0326538,-0.952332,-0.235962
1479684198419451,-0.200928,-0.0219727,-0.951294,-0.233032
1479684198434992,-0.211304,-0.0112305,-0.949951,-0.230103
1479684198458053,-0.221924,-0.000671387,-0.948242,-0.227417
1479684198479109,-0.232849,0.00921631,-0.946045,-0.225342
1479684198495152,-0.244141,0.0178833,-0.943604,-0.223206
1479684198518213,-0.255615,0.0258789,-0.940918,-0.220764
1479684198539269,-0.266846,0.0336914,-0.93811,-0.218323
1479684198555312,-0.277405,0.0409546,-0.935242,-0.216248
1479684198578875,-0.286316,0.0471802,-0.932556,-0.214905
1479684198600937,-0.293396,0.0533447,-0.930237,-0.21405
1479684198614971,-0.29895,0.0601196,-0.928162,-0.213562
1479684198644047,-0.303589,0.0657959,-0.926819,-0.21106
1479684198660593,-0.308105,0.0701294,-0.925659,-0.208313
1479684198675130,-0.308716,0.0751343,-0.925476,-0.206543
1479684198698193,-0.304565,0.0808716,-0.92688,-0.204285
1479684198720752,-0.297119,0.0844116,-0.92981,-0.200317
1479684198741818,-0.287659,0.0822144,-0.934082,-0.194946
1479684198758352,-0.276794,0.0744019,-0.939392,-0.188416
1479684198780914,-0.26355,0.06427,-0.945435,-0.180664
1479684198801968,-0.247681,0.0537109,-0.952148,-0.171204
1479684198818512,-0.229065,0.0429077,-0.95929,-0.159851
1479684198840571,-0.208984,0.0327148,-0.966187,-0.147766
1479684198861626,-0.18988,0.0229492,-0.972168,-0.135498
1479684198878181,-0.171204,0.0117188,-0.977356,-0.124023
1479684198900730,-0.153198,-0.00238037,-0.98175,-0.112671
1479684198921786,-0.135986,-0.0166016,-0.985413,-0.101379
1479684198938330,-0.119934,-0.029541,-0.98822,-0.0904541
1479684198960904,-0.10614,-0.0440063,-0.990234,-0.0797729
1479684198981950,-0.093689,-0.0580444,-0.991516,-0.069458
1479684198998490,-0.0830688,-0.0716553,-0.992188,-0.0598755
1479684199020550,-0.0735474,-0.0853271,-0.99231,-0.0514526
1479684199041605,-0.0653687,-0.0994873,-0.991943,-0.0436401
1479684199058149,-0.0581055,-0.112305,-0.991394,-0.0351563
1479684199080709,-0.0515747,-0.123657,-0.990662,-0.026001
1479684199101765,-0.0462646,-0.133362,-0.989868,-0.0180664
1479684199118309,-0.041687,-0.143494,-0.98877,-0.0112305
1479684199140869,-0.0379028,-0.153137,-0.987488,-0.00518799
1479684199161925,-0.0354004,-0.161133,-0.986328,0.00012207
1479684199178471,-0.0338745,-0.166565,-0.985474,0.00506592
1479684199201029,-0.0326538,-0.169617,-0.984985,0.00878906
1479684199221583,-0.0317993,-0.172424,-0.984497,0.0112305
1479684199238128,-0.0310669,-0.174011,-0.984192,0.0128174
1479684199260689,-0.0302734,-0.174011,-0.984253,0.0133057
1479684199281747,-0.02948,-0.171814,-0.984619,0.012207
1479684199298289,-0.02948,-0.167358,-0.985474,0.0088501
1479684199320852,-0.0313721,-0.161621,-0.986389,0.00408936
1479684199341904,-0.034729,-0.155701,-0.987244,-0.000549316
1479684199364464,-0.0396729,-0.148499,-0.988159,-0.00469971
1479684199380507,-0.0455322,-0.140381,-0.989014,-0.00970459
1479684199409082,-0.0537109,-0.132385,-0.989624,-0.0162964
1479684199417605,-0.0648804,-0.123047,-0.990051,-0.0233765
1479684199440667,-0.0777588,-0.112,-0.990173,-0.031311
1479684199461722,-0.092041,-0.100159,-0.989929,-0.0407104
1479684199477765,-0.108948,-0.0881348,-0.988831,-0.0515747
1479684199500829,-0.127625,-0.0788574,-0.986633,-0.06427
1479684199521882,-0.148132,-0.0706787,-0.983398,-0.078064
1479684199537424,-0.169861,-0.0623169,-0.979248,-0.0915527
1479684199560986,-0.190918,-0.0544434,-0.974548,-0.104675
1479684199583547,-0.210327,-0.0487671,-0.969421,-0.117065
1479684199597584,-0.227661,-0.0446167,-0.964233,-0.128357
1479684199620645,-0.243225,-0.0419922,-0.959229,-0.138062
1479684199643205,-0.256226,-0.0402832,-0.954834,-0.145264
1479684199664261,-0.266174,-0.0395508,-0.951355,-0.150574
1479684199680805,-0.272156,-0.0397949,-0.949036,-0.154114
1479684199703366,-0.27417,-0.0400391,-0.948059,-0.156372
1479684199724421,-0.272461,-0.0424805,-0.948303,-0.15741
1479684199740968,-0.267395,-0.0464478,-0.949646,-0.156799
1479684199763525,-0.259338,-0.0512085,-0.952026,-0.154541
1479684199784582,-0.250366,-0.0576172,-0.954468,-0.152039
1479684199800626,-0.240234,-0.06604,-0.956848,-0.149963
1479684199823185,-0.228882,-0.0758667,-0.959106,-0.148376
1479684199844240,-0.215881,-0.088562,-0.961243,-0.146973
1479684199860784,-0.202942,-0.100708,-0.963196,-0.144958
1479684199883344,-0.190247,-0.110596,-0.964966,-0.143066
1479684199904399,-0.17865,-0.121277,-0.966064,-0.142151
1479684199920944,-0.168518,-0.13562,-0.96582,-0.142944
1479684199943503,-0.157593,-0.15094,-0.96521,-0.144409
1479684199964559,-0.149292,-0.162231,-0.964355,-0.146667
1479684199980602,-0.142639,-0.170471,-0.963623,-0.148865
1479684200003162,-0.137878,-0.178345,-0.962402,-0.151733
1479684200024218,-0.13446,-0.186707,-0.960815,-0.154785
1479684200040763,-0.133362,-0.191406,-0.959412,-0.158936
1479684200063322,-0.134033,-0.193298,-0.95813,-0.163696
1479684200084378,-0.136292,-0.192871,-0.957031,-0.168396
1479684200100926,-0.14032,-0.190918,-0.956055,-0.172791
1479684200123482,-0.145386,-0.187622,-0.955139,-0.177307
1479684200144538,-0.150574,-0.183655,-0.954285,-0.181702
1479684200160581,-0.155762,-0.178345,-0.953796,-0.185242
1479684200183142,-0.160767,-0.171631,-0.953735,-0.187439
1479684200204197,-0.165833,-0.16449,-0.953735,-0.189392
1479684200221242,-0.170044,-0.157715,-0.953857,-0.190918
1479684200243301,-0.173645,-0.150024,-0.954346,-0.191345
1479684200264357,-0.176392,-0.141785,-0.9552,-0.191101
1479684200279899,-0.179138,-0.132935,-0.955994,-0.190918
1479684200303461,-0.182678,-0.124084,-0.956421,-0.191162
1479684200324517,-0.186218,-0.114502,-0.956909,-0.191528
1479684200340059,-0.189575,-0.103516,-0.95752,-0.191284
1479684200363120,-0.192993,-0.0913696,-0.958191,-0.190735
1479684200384177,-0.196167,-0.0792847,-0.95874,-0.190186
1479684200400219,-0.199219,-0.0690308,-0.958862,-0.190186
1479684200423280,-0.201721,-0.0598755,-0.958984,-0.190186
1479684200444336,-0.203552,-0.0507813,-0.959106,-0.190125
1479684200460392,-0.205017,-0.0421753,-0.959229,-0.190002
1479684200483440,-0.206421,-0.0336304,-0.959351,-0.18988
1479684200505999,-0.206909,-0.0246582,-0.959534,-0.189514
1479684200520037,-0.207092,-0.015625,-0.959839,-0.188904
1479684200543600,-0.207214,-0.00756836,-0.960022,-0.188293
1479684200565661,-0.207092,-0.000244141,-0.960205,-0.187805
1479684200580197,-0.206726,0.00616455,-0.960266,-0.187622
1479684200603258,-0.205994,0.0127563,-0.960327,-0.187622
1479684200625818,-0.204346,0.0197754,-0.960632,-0.187439
1479684200646876,-0.202148,0.0272217,-0.960999,-0.187012
1479684200663419,-0.199646,0.0350342,-0.961426,-0.186218
1479684200685978,-0.196167,0.0440674,-0.961975,-0.184998
1479684200707034,-0.191101,0.0545044,-0.962646,-0.184082
1479684200723077,-0.186646,0.0652466,-0.963013,-0.183167
1479684200745637,-0.181396,0.0775757,-0.963196,-0.182861
1479684200766704,-0.175659,0.0921021,-0.963135,-0.182129
1479684200773711,-0.16864,0.107422,-0.96283,-0.181763
1479684200796272,-0.160889,0.120483,-0.962646,-0.181519
1479684200811311,-0.150818,0.12915,-0.962952,-0.1828
1479684200833871,-0.141296,0.127747,-0.963989,-0.18573
1479684200848410,-0.134338,0.115051,-0.966003,-0.188782
1479684200870970,-0.127563,0.0953369,-0.96814,-0.193298
1479684200893530,-0.117737,0.0742798,-0.970093,-0.199097
1479684200908570,-0.102539,0.0577393,-0.97168,-0.2052
1479684200931134,-0.0846558,0.0419312,-0.973206,-0.209839
1479684200953690,-0.06604,0.0256958,-0.974426,-0.213562
1479684200968730,-0.0487671,0.00622559,-0.974976,-0.21698
1479684200991290,-0.0339966,-0.0141602,-0.974792,-0.220093
1479684201013851,-0.0216064,-0.0344238,-0.97406,-0.222717
1479684201028890,-0.0115356,-0.0549927,-0.972778,-0.224976
1479684201050949,-0.00360107,-0.0744629,-0.971069,-0.227051
1479684201073509,0.00231934,-0.0946045,-0.968628,-0.229919
1479684201088550,0.0057373,-0.113403,-0.966187,-0.23175
1479684201111109,0.00463867,-0.128723,-0.964111,-0.232239
1479684201133669,0.00183105,-0.139099,-0.962769,-0.231934
1479684201148710,-0.00360107,-0.146912,-0.961731,-0.231506
1479684201171269,-0.010498,-0.152893,-0.960938,-0.230774
1479684201193829,-0.0180664,-0.154785,-0.960693,-0.229858
1479684201208868,-0.0259399,-0.153992,-0.960999,-0.228455
1479684201231431,-0.0327759,-0.148682,-0.96228,-0.225586
1479684201253488,-0.0388184,-0.139221,-0.964539,-0.221008
1479684201268527,-0.045105,-0.127197,-0.967163,-0.215576
1479684201291088,-0.0516968,-0.114319,-0.969666,-0.210022
1479684201313648,-0.0585327,-0.100708,-0.972107,-0.203735
1479684201328687,-0.0655518,-0.0853882,-0.974548,-0.19696
1479684201351249,-0.0726929,-0.0674438,-0.976868,-0.189819
1479684201375311,-0.0806274,-0.0487671,-0.978577,-0.183167
1479684201388853,-0.0895996,-0.0324707,-0.979736,-0.176514
1479684201411408,-0.0985107,-0.0188599,-0.980408,-0.169861
1479684201434971,-0.107544,-0.00524902,-0.980713,-0.16333
1479684201448516,-0.116638,0.00933838,-0.980652,-0.157227
1479684201471066,-0.126953,0.0250244,-0.979797,-0.152588
1479684201493626,-0.137512,0.0404053,-0.978333,-0.149597
1479684201510171,-0.14978,0.0554199,-0.975952,-0.148438
1479684201531226,-0.163391,0.0784912,-0.97229,-0.147766
1479684201553786,-0.175903,0.111084,-0.966919,-0.147888
1479684201569829,-0.187317,0.15332,-0.958984,-0.147888
1479684201591386,-0.196472,0.194153,-0.949951,-0.146179
1479684201613961,-0.207092,0.22229,-0.941406,-0.146667
1479684201629989,-0.218506,0.241333,-0.93396,-0.147766
1479684201651045,-0.227966,0.250977,-0.92804,-0.154419
1479684201673619,-0.23877,0.250061,-0.923889,-0.164063
1479684201696166,-0.248718,0.242981,-0.921692,-0.17218
1479684201718725,-0.256958,0.231506,-0.92157,-0.176636
1479684201733766,-0.259827,0.22052,-0.922913,-0.179321
1479684201750314,-0.259338,0.207397,-0.92572,-0.181213
1479684201771365,-0.256531,0.190857,-0.930054,-0.181274
1479684201793424,-0.250122,0.172607,-0.935364,-0.180969
1479684201809968,-0.240356,0.154175,-0.941467,-0.179321
1479684201831037,-0.227844,0.134888,-0.94812,-0.17627
1479684201853583,-0.213867,0.114563,-0.954712,-0.172485
1479684201870130,-0.198853,0.0916138,-0.961182,-0.167969
1479684201891183,-0.182251,0.0661011,-0.967468,-0.16272
1479684201913746,-0.165161,0.0418701,-0.9729,-0.156372
1479684201930290,-0.147888,0.0187378,-0.977173,-0.151611
1479684201951343,-0.131592,-0.0065918,-0.980225,-0.147705
1479684201973402,-0.115234,-0.0336914,-0.982422,-0.143311
1479684201991450,-0.0983887,-0.0606079,-0.983582,-0.138733
1479684202011002,-0.0834351,-0.0875244,-0.983582,-0.134033
1479684202033565,-0.0700684,-0.11322,-0.982605,-0.129761
1479684202051610,-0.0581055,-0.137817,-0.980774,-0.125549
1479684202071162,-0.0465088,-0.160767,-0.978516,-0.120667
1479684202093722,-0.0380249,-0.17749,-0.97644,-0.117004
1479684202111770,-0.0333862,-0.188782,-0.974792,-0.114563
1479684202131323,-0.0315552,-0.196777,-0.97345,-0.112915
1479684202153380,-0.0324707,-0.203857,-0.972107,-0.111511
1479684202175940,-0.0340576,-0.211121,-0.970581,-0.111206
1479684202190981,-0.0358276,-0.216125,-0.969421,-0.111206
1479684202213542,-0.0385132,-0.217224,-0.968994,-0.111816
1479684202236101,-0.0410767,-0.214111,-0.969666,-0.111084
1479684202252645,-0.0430908,-0.209045,-0.970947,-0.108521
1479684202273701,-0.0437012,-0.203125,-0.972656,-0.104004
1479684202296261,-0.0419922,-0.196838,-0.97467,-0.0980835
1479684202311301,-0.0384521,-0.1922,-0.976501,-0.0901489
1479684202333861,-0.0327148,-0.185852,-0.978821,-0.0797119
1479684202356420,-0.0247803,-0.180603,-0.981018,-0.0670166
1479684202370959,-0.015625,-0.175781,-0.98291,-0.0526733
1479684202395037,-0.00524902,-0.171936,-0.984436,-0.0376587
1479684202419088,0.00549316,-0.169067,-0.985413,-0.0217896
1479684202431122,0.0170898,-0.167603,-0.985718,-0.00561523
1479684202461208,0.0288696,-0.168335,-0.985291,0.0114136
1479684202476240,0.0403442,-0.169189,-0.984375,0.0290527
1479684202491279,0.0517578,-0.171143,-0.982788,0.0465698
1479684202513845,0.0625,-0.174011,-0.980652,0.06427
1479684202536399,0.0726929,-0.177979,-0.978088,0.0806274
1479684202550938,0.0823975,-0.183411,-0.974915,0.0956421
1479684202573498,0.0906982,-0.189209,-0.971619,0.109619
1479684202596058,0.097229,-0.193237,-0.968628,0.122437
1479684202611098,0.101257,-0.197205,-0.965942,0.13385
1479684202633659,0.103943,-0.200806,-0.963623,0.142517
1479684202656218,0.105408,-0.204041,-0.961914,0.14856
1479684202672762,0.104614,-0.204956,-0.961304,0.151733
1479684202696827,0.100403,-0.202209,-0.96228,0.152039
1479684202716378,0.0950317,-0.198059,-0.963989,0.150208
1479684202738436,0.0895386,-0.192322,-0.966248,0.146423
1479684202760997,0.0838623,-0.18457,-0.969116,0.140747
1479684202785061,0.0778198,-0.174072,-0.972595,0.13324
1479684202791076,0.0720825,-0.163025,-0.976135,0.124451
1479684202813639,0.065979,-0.151489,-0.979614,0.114624
1479684202836197,0.0583496,-0.138367,-0.983215,0.103699
1479684202852741,0.0490723,-0.12323,-0.986938,0.0915527
1479684202873797,0.0383911,-0.108276,-0.990356,0.0775146
1479684202896357,0.0266724,-0.0948486,-0.993286,0.0613403
1479684202912400,0.0136719,-0.083252,-0.995544,0.0432129
1479684202933456,-0.0010376,-0.0726318,-0.997131,0.0237427
1479684202956015,-0.0169678,-0.0626221,-0.997925,0.00323486
1479684202972560,-0.034668,-0.0518799,-0.997925,-0.0177002
1479684202996626,-0.0531616,-0.0405273,-0.99707,-0.0383301
1479684203016175,-0.0725098,-0.0288696,-0.9953,-0.0583496
1479684203040239,-0.0899658,-0.0171509,-0.992798,-0.0778198
1479684203053775,-0.105408,-0.003479,-0.989746,-0.0968018
1479684203076336,-0.119202,0.0126343,-0.986206,-0.114258
1479684203092378,-0.131836,0.0266113,-0.982361,-0.13031
1479684203113435,-0.142761,0.0383301,-0.978516,-0.14386
1479684203135994,-0.15271,0.0505371,-0.974792,-0.154846
1479684203152538,-0.161865,0.0637817,-0.97113,-0.163269
1479684203173594,-0.170044,0.0770874,-0.967834,-0.168701
1479684203196154,-0.176819,0.0910034,-0.965027,-0.171021
1479684203212701,-0.182556,0.104675,-0.962646,-0.170593
1479684203233754,-0.187744,0.118042,-0.960571,-0.167786
1479684203256314,-0.192932,0.130981,-0.958618,-0.163574
1479684203272357,-0.197632,0.143127,-0.956848,-0.157837
1479684203293413,-0.200562,0.157043,-0.955322,-0.150024
1479684203315973,-0.203247,0.172058,-0.953674,-0.14032
1479684203334021,-0.205444,0.186707,-0.951904,-0.129761
1479684203353573,-0.207031,0.19989,-0.950378,-0.118347
1479684203376133,-0.208069,0.211914,-0.948975,-0.106445
1479684203394181,-0.207581,0.223206,-0.947754,-0.0946045
1479684203413736,-0.207214,0.233765,-0.946472,-0.0817261
1479684203436296,-0.207642,0.241516,-0.945374,-0.069458
1479684203453840,-0.208313,0.244629,-0.94519,-0.059082
1479684203473392,-0.207092,0.243774,-0.946106,-0.0510254
1479684203496455,-0.203979,0.239746,-0.94812,-0.045105
1479684203514001,-0.200378,0.232117,-0.950928,-0.0419312
1479684203533552,-0.196411,0.220703,-0.954468,-0.0418701
1479684203556112,-0.191284,0.205994,-0.958679,-0.0440674
1479684203574160,-0.184692,0.190491,-0.963013,-0.0473022
1479684203593711,-0.177917,0.176697,-0.966736,-0.0512695
1479684203616273,-0.171631,0.162964,-0.969971,-0.0562744
1479684203638831,-0.165894,0.147644,-0.973083,-0.0620728
1479684203653873,-0.15918,0.130859,-0.976257,-0.0675659
1479684203675930,-0.151855,0.116394,-0.978821,-0.0730591
1479684203698491,-0.145447,0.103699,-0.980774,-0.0789795
1479684203713534,-0.14032,0.0908813,-0.9823,-0.0847778
1479684203736092,-0.135437,0.0775757,-0.983704,-0.0897217
1479684203758650,-0.129822,0.0680542,-0.984802,-0.0935669
1479684203773691,-0.124695,0.0618286,-0.985413,-0.0984497
1479684203796251,-0.120789,0.0519409,-0.985779,-0.104736
1479684203818810,-0.118042,0.0368652,-0.986145,-0.110657
1479684203833348,-0.114868,0.0209961,-0.98645,-0.115417
1479684203855909,-0.111206,0.00927734,-0.986511,-0.120178
1479684203878469,-0.108398,-0.000793457,-0.986145,-0.125854
1479684203893541,-0.105469,-0.0125732,-0.985535,-0.132507
1479684203916068,-0.101563,-0.0230713,-0.984863,-0.138672
1479684203938629,-0.0968018,-0.0317383,-0.984558,-0.142822
1479684203955173,-0.0915527,-0.0380249,-0.984558,-0.144775
1479684203976229,-0.0861816,-0.0431519,-0.984619,-0.146118
1479684203998789,-0.0808105,-0.0481567,-0.984741,-0.146851
1479684204015333,-0.0751343,-0.0524902,-0.984985,-0.146729
1479684204036389,-0.069458,-0.0566406,-0.985291,-0.145569
1479684204058447,-0.0641479,-0.0609131,-0.985657,-0.143982
1479684204074992,-0.059082,-0.0650635,-0.986084,-0.141479
1479684204096048,-0.0551147,-0.0675659,-0.986694,-0.137695
1479684204118608,-0.0514526,-0.0697632,-0.987244,-0.13385
1479684204135153,-0.0491943,-0.0730591,-0.98761,-0.129944
1479684204156208,-0.046936,-0.0768433,-0.987915,-0.126343
1479684204178767,-0.0457764,-0.0809937,-0.988159,-0.122253
1479684204195312,-0.0448608,-0.0860596,-0.98822,-0.118652
1479684204216368,-0.0444336,-0.0914307,-0.98822,-0.11499
1479684204238426,-0.0441284,-0.0962524,-0.988281,-0.110535
1479684204254970,-0.0427856,-0.10022,-0.988525,-0.105042
1479684204276026,-0.0407104,-0.103027,-0.988953,-0.0986328
1479684204298597,-0.0376587,-0.104492,-0.989624,-0.0918579
1479684204323152,-0.0338745,-0.1073,-0.990112,-0.0841675
1479684204336186,-0.02948,-0.111206,-0.990601,-0.0744629
1479684204360250,-0.0237427,-0.114197,-0.991211,-0.0631714
1479684204376293,-0.0172729,-0.117065,-0.991699,-0.0513916
1479684204403364,-0.0108643,-0.12146,-0.991821,-0.0392456
1479684204418406,-0.00408936,-0.125488,-0.99176,-0.0259399
1479684204436453,0.00262451,-0.128906,-0.991638,-0.0114746
1479684204456005,0.00939941,-0.131653,-0.991272,0.00378418
1479684204478565,0.0154419,-0.133789,-0.990723,0.0193481
1479684204496614,0.0213013,-0.13855,-0.989563,0.0343628
1479684204516165,0.0274048,-0.145874,-0.987793,0.0478516
1479684204538725,0.0328369,-0.151855,-0.986145,0.0591431
1479684204556786,0.0374756,-0.155945,-0.984741,0.0684204
1479684204576325,0.0409546,-0.158936,-0.983521,0.0761108
1479684204598384,0.0435181,-0.162292,-0.982422,0.0817261
1479684204616436,0.0461426,-0.165466,-0.981506,0.085022
1479684204635984,0.0477905,-0.167603,-0.980957,0.0861816
1479684204661551,0.048584,-0.167603,-0.980957,0.0857544
1479684204681107,0.0487061,-0.166199,-0.981323,0.0839844
1479684204696144,0.0484009,-0.165222,-0.98175,0.0808105
1479684204718703,0.0480347,-0.164429,-0.9823,0.0762939
1479684204736251,0.0480347,-0.162903,-0.98291,0.0709839
1479684204756303,0.0481567,-0.160645,-0.983704,0.0654907
1479684204778362,0.0477905,-0.156738,-0.98468,0.0599365
1479684204796415,0.0467529,-0.151489,-0.985901,0.0539551
1479684204815962,0.0442505,-0.145142,-0.987366,0.0466309
1479684204838523,0.0390625,-0.136658,-0.989136,0.0379028
1479684204856571,0.0317993,-0.125427,-0.991211,0.027771
1479684204877627,0.0217896,-0.113159,-0.993286,0.0152588
1479684204898682,0.00909424,-0.0988159,-0.995117,0.000732422
1479684204916730,-0.00537109,-0.0806274,-0.996643,-0.0153809
1479684204937786,-0.0205078,-0.0591431,-0.997559,-0.0316162
1479684204960346,-0.0348511,-0.0358276,-0.997681,-0.0470581
1479684204976389,-0.048584,-0.012146,-0.996948,-0.0608521
1479684204997445,-0.0614624,0.0117798,-0.995361,-0.0737305
1479684205018501,-0.0750732,0.0350342,-0.992798,-0.0872192
1479684205036549,-0.0880127,0.0552368,-0.989441,-0.10144
1479684205057605,-0.0995483,0.069458,-0.98584,-0.116028
1479684205078661,-0.110718,0.0769043,-0.982544,-0.128357
1479684205101222,-0.12207,0.0814819,-0.979553,-0.137756
1479684205117773,-0.13269,0.0866089,-0.976868,-0.144043
1479684205138822,-0.140625,0.0957031,-0.974304,-0.147888
1479684205161380,-0.14679,0.106628,-0.971924,-0.149963
1479684205177424,-0.152588,0.116333,-0.969849,-0.150635
1479684205198479,-0.158325,0.123657,-0.967957,-0.150757
1479684205221039,-0.163879,0.130188,-0.966248,-0.150452
1479684205239088,-0.16925,0.137268,-0.964417,-0.14978
1479684205258639,-0.175049,0.146179,-0.962219,-0.149109
1479684205281199,-0.18103,0.157043,-0.959473,-0.148376
1479684205299248,-0.187134,0.166992,-0.956726,-0.147827
1479684205318799,-0.194885,0.176514,-0.953369,-0.148193
1479684205341360,-0.204102,0.185913,-0.949585,-0.148865
1479684205358907,-0.213928,0.196411,-0.945007,-0.150452
1479684205378458,-0.22467,0.20459,-0.940491,-0.152283
1479684205401018,-0.235535,0.21167,-0.936035,-0.153809
1479684205419067,-0.245483,0.217041,-0.932068,-0.154907
1479684205438618,-0.255615,0.218201,-0.929077,-0.154785
1479684205461178,-0.264954,0.215454,-0.927307,-0.153503
1479684205479227,-0.271179,0.21051,-0.926758,-0.15271
1479684205498778,-0.276184,0.201599,-0.927185,-0.15332
1479684205521350,-0.279968,0.188599,-0.928711,-0.153809
1479684205538886,-0.281555,0.173279,-0.93103,-0.154602
1479684205558437,-0.279724,0.156738,-0.934265,-0.15625
1479684205580997,-0.274597,0.140564,-0.93811,-0.157532
1479684205599045,-0.268066,0.123718,-0.942322,-0.157898
1479684205618606,-0.259644,0.104065,-0.94696,-0.158325
1479684205641157,-0.248474,0.0819092,-0.952148,-0.158386
1479684205659205,-0.233948,0.0610352,-0.957703,-0.156433
1479684205680263,-0.218445,0.0432129,-0.962646,-0.154358
1479684205702320,-0.20282,0.024231,-0.96698,-0.15271
1479684205718869,-0.187012,0.00219727,-0.970886,-0.150146
1479684205738415,-0.170349,-0.0221558,-0.974304,-0.145874
1479684205760975,-0.154114,-0.0424194,-0.977051,-0.141174
1479684205779024,-0.138916,-0.0604858,-0.978882,-0.137573
1479684205798576,-0.125488,-0.079895,-0.979614,-0.135132
1479684205821135,-0.113037,-0.101135,-0.979553,-0.132385
1479684205839184,-0.101196,-0.120667,-0.979126,-0.128967
1479684205860239,-0.0916748,-0.135742,-0.978455,-0.125793
1479684205881295,-0.083374,-0.149597,-0.977478,-0.123718
1479684205898842,-0.0761719,-0.16272,-0.976196,-0.121582
1479684205919898,-0.0698242,-0.17572,-0.974792,-0.118835
1479684205940954,-0.0640259,-0.186096,-0.973694,-0.115417
1479684205959003,-0.0594482,-0.191895,-0.973206,-0.112366
1479684205980071,-0.0559692,-0.19751,-0.972595,-0.109558
1479684206001114,-0.053772,-0.202576,-0.972046,-0.106201
1479684206026683,-0.0515747,-0.205505,-0.972046,-0.101685
1479684206040218,-0.0494385,-0.207336,-0.972351,-0.0958252
1479684206068794,-0.046814,-0.208984,-0.972717,-0.0895386
1479684206078821,-0.0435181,-0.2099,-0.973328,-0.0822754
1479684206099878,-0.0394897,-0.209961,-0.974121,-0.0741577
1479684206120933,-0.0356445,-0.20813,-0.975281,-0.0657349
1479684206138981,-0.0316772,-0.20636,-0.976318,-0.0570679
1479684206160037,-0.0275879,-0.2052,-0.977173,-0.0484619
1479684206181094,-0.0228271,-0.204102,-0.977966,-0.0391846
1479684206199142,-0.0174561,-0.20282,-0.978638,-0.0293579
1479684206221701,-0.0114746,-0.201294,-0.979309,-0.019043
1479684206241253,-0.00494385,-0.200195,-0.979736,-0.00823975
1479684206258800,0.00177002,-0.201172,-0.979614,0.00256348
1479684206281360,0.00958252,-0.203003,-0.979065,0.0135498
1479684206300935,0.0179443,-0.205566,-0.97821,0.0246582
1479684206318960,0.0270996,-0.209473,-0.976807,0.0362549
