timestamp,roll,pitch,yaw
1479684173430992,0.165607,-0.0173037,2.8206
1479684173453555,0.165607,-0.0173037,2.8206
1479684173474608,0.165607,-0.0173037,2.8206
1479684173491152,0.165607,-0.0173037,2.8206
1479684173513712,0.165466,-0.017203,2.82061
1479684173534768,0.165466,-0.017203,2.82061
1479684173550810,0.165486,-0.0173231,2.8206
1479684173573370,0.165344,-0.0172223,2.8206
1479684173594428,0.165344,-0.0172223,2.8206
1479684173610970,0.165344,-0.0172223,2.8206
1479684173633530,0.165344,-0.0172223,2.8206
1479684173654591,0.165222,-0.0172417,2.8206
1479684173671132,0.165344,-0.0172223,2.8206
1479684173693690,0.165222,-0.0172417,2.8206
1479684173714746,0.165222,-0.0172417,2.8206
1479684173730789,0.165222,-0.0172417,2.8206
1479684173753349,0.165222,-0.0172417,2.8206
1479684173774405,0.1651,-0.017261,2.8206
1479684173790949,0.165222,-0.0172417,2.8206
1479684173813509,0.165222,-0.0172417,2.8206
1479684173834565,0.1651,-0.017261,2.8206
1479684173857125,0.165222,-0.0172417,2.8206
1479684173873669,0.165222,-0.0172417,2.8206
1479684173895728,0.164581,-0.0171106,2.82077
1479684173910767,0.164389,-0.0175389,2.82108
1479684173933328,0.164553,-0.0177917,2.82146
1479684173955888,0.164771,-0.0176524,2.82171
1479684173970928,0.165493,-0.017566,2.82207
1479684173993488,0.165868,-0.0183979,2.82236
1479684174016549,0.166653,-0.0193927,2.8224
1479684174031088,0.167816,-0.0204374,2.82228
1479684174053648,0.167816,-0.0204374,2.82228
1479684174076207,0.167553,-0.0203557,2.82228
1479684174090245,0.167912,-0.0210153,2.82195
1479684174113307,0.169092,-0.0212698,2.82131
1479684174135867,0.169263,-0.0206879,2.82062
1479684174156923,0.168799,-0.0201026,2.82014
1479684174173467,0.168552,-0.0199616,2.81946
1479684174196026,0.168837,-0.0201202,2.81894
1479684174210564,0.170631,-0.0204125,2.81848
1479684174233627,0.172542,-0.0207049,2.81826
1479684174256186,0.172542,-0.0207049,2.81826
1479684174270228,0.172542,-0.0207049,2.81826
1479684174293285,0.173536,-0.0214091,2.81822
1479684174315845,0.174497,-0.0220005,2.81824
1479684174330384,0.175361,-0.0220153,2.8186
1479684174353445,0.175489,-0.0222017,2.81956
1479684174376005,0.174748,-0.0224271,2.82079
1479684174397061,0.174797,-0.0228625,2.82162
1479684174413605,0.176036,-0.0237122,2.82226
1479684174436167,0.176374,-0.0243294,2.82284
1479684174457221,0.176102,-0.024313,2.82359
1479684174473264,0.176963,-0.0243408,2.82406
1479684174495823,0.176821,-0.0242398,2.82406
1479684174516880,0.176679,-0.0241388,2.82407
1479684174533424,0.176085,-0.023453,2.82366
1479684174555984,0.175252,-0.0227852,2.82301
1479684174577040,0.1752,-0.0223598,2.8223
1479684174593584,0.176111,-0.0225172,2.8215
1479684174616144,0.176725,-0.0223657,2.82089
1479684174637200,0.177154,-0.0218834,2.82042
1479684174653242,0.177379,-0.0216798,2.81992
1479684174675802,0.177346,-0.0213739,2.8192
1479684174696859,0.177493,-0.0214191,2.81857
1479684174713403,0.178797,-0.0216491,2.81794
1479684174735964,0.179263,-0.0214164,2.81757
1479684174757018,0.179263,-0.0214164,2.81757
1479684174773562,0.178879,-0.0213096,2.81705
1479684174796122,0.178879,-0.0213096,2.81705
1479684174817178,0.179091,-0.0209988,2.81674
1479684174833221,0.179234,-0.0203143,2.81628
1479684174855788,0.179784,-0.0198108,2.81582
1479684174878341,0.179915,-0.0197593,2.81548
1479684174893381,0.179925,-0.0198764,2.81541
1479684174915942,0.180064,-0.0199874,2.81552
1479684174944517,0.180064,-0.0199874,2.81552
1479684174953544,0.179925,-0.0198764,2.81541
1479684174976106,0.179942,-0.020007,2.81552
1479684174998661,0.18007,-0.0199661,2.8153
1479684175012698,0.18007,-0.0199661,2.8153
1479684175036264,0.180192,-0.0199465,2.8153
1479684175058320,0.18007,-0.0199661,2.8153
1479684175072859,0.179948,-0.0199858,2.81529
1479684175095919,0.18007,-0.0199661,2.8153
1479684175118483,0.18007,-0.0199661,2.8153
1479684175139536,0.18007,-0.0199661,2.8153
1479684175156098,0.18007,-0.0199661,2.8153
1479684175178640,0.18007,-0.0199661,2.8153
1479684175192677,0.18007,-0.0199661,2.8153
1479684175216240,0.18007,-0.0199661,2.8153
1479684175238307,0.180192,-0.0199465,2.8153
1479684175252838,0.180049,-0.0198461,2.81531
1479684175275899,0.180192,-0.0199465,2.8153
1479684175298459,0.180192,-0.0199465,2.8153
1479684175312998,0.18007,-0.0199661,2.8153
1479684175336060,0.179663,-0.019785,2.8153
1479684175358619,0.179285,-0.0197375,2.81547
1479684175379675,0.179163,-0.0197572,2.81547
1479684175395717,0.179163,-0.0197572,2.81547
1479684175418277,0.179163,-0.0197572,2.81547
1479684175439333,0.179163,-0.0197572,2.81547
1479684175455878,0.17848,-0.0193888,2.81566
1479684175478439,0.1785,-0.0195088,2.81565
1479684175499493,0.1785,-0.0195088,2.81565
1479684175516037,0.17848,-0.0193888,2.81566
1479684175538598,0.178352,-0.0194295,2.81588
1479684175559653,0.177669,-0.0190609,2.81608
1479684175576197,0.177649,-0.0189409,2.81609
1479684175598256,0.177649,-0.0189409,2.81609
1479684175619314,0.177669,-0.0190609,2.81608
1479684175635856,0.177547,-0.0190805,2.81607
1479684175658416,0.177669,-0.0190609,2.81608
1479684175679471,0.17708,-0.0185392,2.81611
1479684175696016,0.176119,-0.0179487,2.81609
1479684175724591,0.176119,-0.0179487,2.81609
1479684175739631,0.175997,-0.0179684,2.81608
1479684175756175,0.175997,-0.0179684,2.81608
1479684175778735,0.175832,-0.0177583,2.81621
1479684175800797,0.175192,-0.0176191,2.81627
1479684175815835,0.175192,-0.0176191,2.81627
1479684175838395,0.175192,-0.0176191,2.81627
1479684175860954,0.175314,-0.0175995,2.81627
1479684175875997,0.174466,-0.0170203,2.81659
1479684175898554,0.173599,-0.0163208,2.81692
1479684175921115,0.173106,-0.0164197,2.81714
1479684175935157,0.173007,-0.0165927,2.81752
1479684175958714,0.17328,-0.0168348,2.81796
1479684175980773,0.173257,-0.0167687,2.8186
1479684175995312,0.172067,-0.0164,2.8193
1479684176018880,0.171418,-0.0163003,2.81981
1479684176040933,0.171592,-0.0166716,2.82013
1479684176055471,0.171793,-0.0171759,2.82061
1479684176078537,0.171181,-0.0173261,2.82122
1479684176102599,0.169862,-0.0169616,2.82174
1479684176115130,0.169502,-0.0170422,2.82201
1479684176138693,0.169825,-0.0167543,2.82216
1479684176160751,0.16839,-0.0163882,2.82245
1479684176175291,0.166494,-0.0169712,2.82283
1479684176198352,0.166919,-0.0172739,2.82281
1479684176220912,0.168467,-0.0176512,2.82286
1479684176235453,0.168165,-0.0173618,2.82328
1479684176258513,0.166565,-0.0167932,2.82382
1479684176281072,0.165643,-0.0164494,2.82389
1479684176302132,0.164988,-0.0161359,2.82332
1479684176318675,0.16475,-0.0161132,2.82258
1479684176341231,0.165195,-0.0164943,2.82204
1479684176361786,0.165417,-0.0163036,2.82165
1479684176378331,0.165226,-0.0158032,2.82123
1479684176400891,0.164784,-0.0153294,2.82063
1479684176421946,0.164148,-0.0151373,2.82006
1479684176438491,0.163992,-0.0148556,2.81933
1479684176461051,0.164628,-0.0148077,2.81849
1479684176482106,0.164349,-0.0145455,2.81776
1479684176498650,0.163268,-0.0139329,2.81721
1479684176521212,0.163389,-0.0138721,2.8167
1479684176541765,0.164197,-0.014203,2.81629
1479684176558311,0.164197,-0.014203,2.81629
1479684176580870,0.163957,-0.0142326,2.81617
1479684176601925,0.1637,-0.0141227,2.81583
1479684176618472,0.163559,-0.0140222,2.81584
1479684176641029,0.163559,-0.0140222,2.81584
1479684176662085,0.1637,-0.0141227,2.81583
1479684176678629,0.163579,-0.0141423,2.81583
1479684176701693,0.163169,-0.0139805,2.81606
1479684176722252,0.163169,-0.0139805,2.81606
1479684176738290,0.163047,-0.0140002,2.81606
1479684176760849,0.163047,-0.0140002,2.81606
1479684176783407,0.163047,-0.0140002,2.81606
1479684176798447,0.162307,-0.0140004,2.8161
1479684176821008,0.162165,-0.0139,2.81611
1479684176843568,0.162185,-0.0140201,2.8161
1479684176858608,0.162165,-0.0139,2.81611
1479684176881168,0.162165,-0.0139,2.81611
1479684176910747,0.162165,-0.0139,2.81611
1479684176917766,0.162185,-0.0140201,2.8161
1479684176940826,0.162165,-0.0139,2.81611
1479684176963386,0.162185,-0.0140201,2.8161
1479684176977925,0.162185,-0.0140201,2.8161
1479684177000986,0.162043,-0.0139196,2.8161
1479684177023546,0.162063,-0.0140397,2.81609
1479684177037584,0.162063,-0.0140397,2.81609
1479684177061147,0.162063,-0.0140397,2.81609
1479684177083205,0.162063,-0.0140397,2.81609
1479684177097744,0.162063,-0.0140397,2.81609
1479684177120805,0.162063,-0.0140397,2.81609
1479684177143365,0.161886,-0.0136799,2.81589
1479684177157903,0.161364,-0.0134992,2.81566
1479684177180966,0.161465,-0.0133188,2.81516
1479684177203023,0.16222,-0.0133013,2.81495
1479684177217562,0.162231,-0.013419,2.81488
1479684177248645,0.162119,-0.0134411,2.81494
1479684177263686,0.162119,-0.0134411,2.81494
1479684177293264,0.16224,-0.0134214,2.81494
1479684177306800,0.162119,-0.0134411,2.81494
1479684177323344,0.162119,-0.0134411,2.81494
1479684177353424,0.162231,-0.013419,2.81488
1479684177360944,0.161711,-0.0132697,2.81506
1479684177383504,0.161063,-0.0131282,2.81506
1479684177404560,0.161184,-0.0131084,2.81506
1479684177421104,0.161063,-0.0131282,2.81506
1479684177443664,0.161052,-0.0130105,2.81512
1479684177464720,0.161063,-0.0131282,2.81506
1479684177480762,0.161063,-0.0131282,2.81506
1479684177503322,0.161052,-0.0130105,2.81512
1479684177524378,0.161063,-0.0131282,2.81506
1479684177540923,0.161063,-0.0131282,2.81506
1479684177563483,0.16095,-0.0131503,2.81511
1479684177584539,0.161063,-0.0131282,2.81506
1479684177601082,0.161042,-0.0130081,2.81507
1479684177623642,0.16093,-0.0130302,2.81512
1479684177644698,0.161042,-0.0130081,2.81507
1479684177660741,0.161052,-0.0130105,2.81512
1479684177683301,0.16095,-0.0131503,2.81511
1479684177705863,0.16095,-0.0131503,2.81511
1479684177720903,0.16095,-0.0131503,2.81511
1479684177743461,0.16093,-0.0130302,2.81512
1479684177766021,0.16093,-0.0130302,2.81512
1479684177781062,0.16093,-0.0130302,2.81512
1479684177811141,0.160809,-0.0130499,2.81512
1479684177832213,0.160809,-0.0130499,2.81512
1479684177840219,0.160809,-0.0130499,2.81512
1479684177863280,0.160809,-0.0130499,2.81512
1479684177885841,0.160809,-0.0130499,2.81512
1479684177900379,0.160809,-0.0130499,2.81512
1479684177923440,0.160687,-0.0130696,2.81511
1479684177946000,0.160687,-0.0130696,2.81511
1479684177960554,0.160809,-0.0130499,2.81512
1479684177983600,0.160687,-0.0130696,2.81511
1479684178006159,0.161045,-0.0129985,2.81495
1479684178020203,0.161187,-0.0130989,2.81495
1479684178043259,0.160266,-0.0127495,2.8149
1479684178065818,0.160246,-0.0126294,2.81491
1479684178080357,0.160908,-0.0128791,2.81473
1479684178103418,0.160908,-0.0128791,2.81473
1479684178126481,0.160908,-0.0128791,2.81473
1479684178140517,0.160908,-0.0128791,2.81473
1479684178163579,0.160887,-0.012759,2.81474
1479684178186139,0.160887,-0.012759,2.81474
1479684178207194,0.160908,-0.0128791,2.81473
1479684178223237,0.160786,-0.0128988,2.81473
1479684178253319,0.160786,-0.0128988,2.81473
1479684178266853,0.160908,-0.0128791,2.81473
1479684178283399,0.160908,-0.0128791,2.81473
1479684178305957,0.160766,-0.0127787,2.81474
1479684178327013,0.160786,-0.0128988,2.81473
1479684178343557,0.160786,-0.0128988,2.81473
1479684178366117,0.160644,-0.0127985,2.81473
1479684178387173,0.160766,-0.0127787,2.81474
1479684178403717,0.160766,-0.0127787,2.81474
1479684178425776,0.160644,-0.0127985,2.81473
1479684178446831,0.160644,-0.0127985,2.81473
1479684178463376,0.160664,-0.0129185,2.81472
1479684178485937,0.160523,-0.0128182,2.81473
1479684178506992,0.160523,-0.0128182,2.81473
1479684178523536,0.160664,-0.0129185,2.81472
1479684178553616,0.160523,-0.0128182,2.81473
1479684178567152,0.160523,-0.0128182,2.81473
1479684178583194,0.160543,-0.0129383,2.81472
1479684178605769,0.160421,-0.012958,2.81471
1479684178626810,0.160421,-0.012958,2.81471
1479684178643856,0.160543,-0.0129383,2.81472
1479684178665915,0.160421,-0.012958,2.81471
1479684178688474,0.160401,-0.0128379,2.81472
1479684178703514,0.160421,-0.012958,2.81471
1479684178726074,0.1603,-0.0129778,2.81471
1479684178748634,0.160309,-0.0129801,2.81477
1479684178763674,0.160421,-0.012958,2.81471
1479684178785734,0.1603,-0.0129778,2.81471
1479684178808293,0.160167,-0.0128798,2.81477
1479684178822831,0.160309,-0.0129801,2.81477
1479684178845897,0.160187,-0.0129999,2.81476
1479684178868456,0.160167,-0.0128798,2.81477
1479684178882992,0.160289,-0.01286,2.81478
1479684178906053,0.160309,-0.0129801,2.81477
1479684178928613,0.160167,-0.0128798,2.81477
1479684178942650,0.160187,-0.0129999,2.81476
1479684178965712,0.160187,-0.0129999,2.81476
1479684178988272,0.160046,-0.0128995,2.81477
1479684179002813,0.160046,-0.0128995,2.81477
1479684179025872,0.160046,-0.0128995,2.81477
1479684179048432,0.159924,-0.0129193,2.81477
1479684179062971,0.160441,-0.0130781,2.81471
1479684179086032,0.161092,-0.01321,2.81459
1479684179108592,0.161092,-0.01321,2.81459
1479684179122629,0.160685,-0.0130386,2.81471
1479684179145690,0.160064,-0.0130291,2.81487
1479684179174266,0.159942,-0.0130488,2.81487
1479684179190811,0.160338,-0.0132274,2.81481
1479684179211866,0.160459,-0.0132077,2.81481
1479684179229414,0.160459,-0.0132077,2.81481
1479684179249466,0.160459,-0.0132077,2.81481
1479684179266026,0.160459,-0.0132077,2.81481
1479684179288571,0.160459,-0.0132077,2.81481
1479684179311130,0.160338,-0.0132274,2.81481
1479684179325669,0.161123,-0.0134884,2.81503
1479684179348229,0.161427,-0.0138499,2.81552
1479684179369284,0.161123,-0.0143099,2.816
1479684179385829,0.161123,-0.0143099,2.816
1479684179408394,0.161539,-0.0146087,2.81592
1479684179430950,0.162207,-0.0148707,2.81592
1479684179445989,0.162329,-0.0148511,2.81592
1479684179468049,0.162227,-0.0149908,2.81591
1479684179489605,0.162106,-0.0150105,2.8159
1479684179506149,0.162952,-0.0155912,2.81558
1479684179528209,0.162973,-0.0157113,2.81558
1479684179549264,0.162314,-0.0154109,2.81513
1479684179565809,0.162836,-0.0155505,2.81484
1479684179588369,0.163871,-0.0157116,2.81433
1479684179610930,0.16395,-0.01542,2.81395
1479684179616442,0.163929,-0.0153,2.81396
1479684179631482,0.164482,-0.0155616,2.81372
1479684179654043,0.165185,-0.0160506,2.81352
1479684179676101,0.165306,-0.0160308,2.81353
1479684179691140,0.165043,-0.0159086,2.81302
1479684179713702,0.16424,-0.0155182,2.81269
1479684179736263,0.163909,-0.0148994,2.81205
1479684179752806,0.164236,-0.0145485,2.81145
1479684179773860,0.164216,-0.014387,2.81094
1479684179796421,0.164216,-0.014387,2.81094
1479684179812965,0.165383,-0.014685,2.81088
1479684179834022,0.165383,-0.014685,2.81088
1479684179856080,0.165245,-0.0146071,2.81118
1479684179872624,0.165137,-0.0147764,2.8115
1479684179893679,0.165137,-0.0147764,2.8115
1479684179916239,0.164594,-0.014518,2.8118
1479684179932784,0.164043,-0.0142472,2.81193
1479684179953840,0.164043,-0.0142472,2.81193
1479684179976400,0.163215,-0.014538,2.81229
1479684179992944,0.163215,-0.014538,2.81229
1479684180014001,0.163436,-0.0151693,2.81287
1479684180036559,0.163233,-0.0154903,2.81336
1479684180052604,0.16287,-0.0155812,2.81375
1479684180073658,0.16287,-0.0155812,2.81375
1479684180096219,0.162728,-0.0154809,2.81376
1479684180118778,0.162728,-0.0154809,2.81376
1479684180133818,0.162606,-0.0155007,2.81375
1479684180156385,0.162464,-0.0154004,2.81376
1479684180172922,0.162464,-0.0154004,2.81376
1479684180193978,0.162464,-0.0154004,2.81376
1479684180216538,0.162464,-0.0154004,2.81376
1479684180239098,0.162464,-0.0154004,2.81376
1479684180253637,0.162464,-0.0154004,2.81376
1479684180276197,0.162343,-0.0154202,2.81375
1479684180292741,0.162343,-0.0154202,2.81375
1479684180313797,0.162343,-0.0154202,2.81375
1479684180336357,0.162221,-0.01544,2.81375
1479684180354405,0.162221,-0.01544,2.81375
1479684180373957,0.162465,-0.0153594,2.81324
1479684180396516,0.162188,-0.0151301,2.81291
1479684180414064,0.162432,-0.0150494,2.81241
1479684180433615,0.162914,-0.0149481,2.81214
1479684180456176,0.162914,-0.0149481,2.81214
1479684180478736,0.162914,-0.0149481,2.81214
1479684180496784,0.162914,-0.0149481,2.81214
1479684180516336,0.162914,-0.0149481,2.81214
1479684180538895,0.162792,-0.014968,2.81213
1479684180561455,0.162914,-0.0149481,2.81214
1479684180576497,0.162914,-0.0149481,2.81214
1479684180598554,0.162792,-0.014968,2.81213
1479684180613594,0.162914,-0.0149481,2.81214
1479684180636154,0.162914,-0.0149481,2.81214
1479684180658714,0.162792,-0.014968,2.81213
1479684180673754,0.162914,-0.0149481,2.81214
1479684180696314,0.162914,-0.0149481,2.81214
1479684180718875,0.162774,-0.0148383,2.81203
1479684180733914,0.162896,-0.0148184,2.81203
1479684180756474,0.162774,-0.0148383,2.81203
1479684180779034,0.162774,-0.0148383,2.81203
1479684180793573,0.162774,-0.0148383,2.81203
1479684180817639,0.162774,-0.0148383,2.81203
1479684180838693,0.162774,-0.0148383,2.81203
1479684180853733,0.162774,-0.0148383,2.81203
1479684180876296,0.162774,-0.0148383,2.81203
1479684180898853,0.162754,-0.0147183,2.81204
1479684180913893,0.162754,-0.0147183,2.81204
1479684180936454,0.162754,-0.0147183,2.81204
1479684180959020,0.162754,-0.0147183,2.81204
1479684180973553,0.162754,-0.0147183,2.81204
1479684180996111,0.162754,-0.0147183,2.81204
1479684181018672,0.162632,-0.0147382,2.81203
1479684181035219,0.162642,-0.0147407,2.81209
1479684181056271,0.162754,-0.0147183,2.81204
1479684181078832,0.162632,-0.0147382,2.81203
1479684181093890,0.162621,-0.0146206,2.8121
1479684181116433,0.162754,-0.0147183,2.81204
1479684181138991,0.162754,-0.0147183,2.81204
1479684181155034,0.162642,-0.0147407,2.81209
1479684181176090,0.162754,-0.0147183,2.81204
1479684181198650,0.162754,-0.0147183,2.81204
1479684181215194,0.162642,-0.0147407,2.81209
1479684181236250,0.162754,-0.0147183,2.81204
1479684181258810,0.162754,-0.0147183,2.81204
1479684181275359,0.162642,-0.0147407,2.81209
1479684181296410,0.162632,-0.0147382,2.81203
1479684181318970,0.162754,-0.0147183,2.81204
1479684181335515,0.162621,-0.0146206,2.8121
1479684181356069,0.162612,-0.0146181,2.81204
1479684181378629,0.162754,-0.0147183,2.81204
1479684181395173,0.162621,-0.0146206,2.8121
1479684181416229,0.162632,-0.0147382,2.81203
1479684181438789,0.162754,-0.0147183,2.81204
1479684181455333,0.162621,-0.0146206,2.8121
1479684181476389,0.162621,-0.0146206,2.8121
1479684181498949,0.162612,-0.0146181,2.81204
1479684181516997,0.162621,-0.0146206,2.8121
1479684181536559,0.162621,-0.0146206,2.8121
1479684181558607,0.162621,-0.0146206,2.8121
1479684181576656,0.162621,-0.0146206,2.8121
1479684181596207,0.1625,-0.0146405,2.8121
1479684181618768,0.1625,-0.0146405,2.8121
1479684181636816,0.1625,-0.0146405,2.8121
1479684181656367,0.1625,-0.0146405,2.8121
1479684181678928,0.162621,-0.0146206,2.8121
1479684181696475,0.162621,-0.0146206,2.8121
1479684181716026,0.1625,-0.0146405,2.8121
1479684181738586,0.162621,-0.0146206,2.8121
1479684181756634,0.1625,-0.0146405,2.8121
1479684181776186,0.1625,-0.0146405,2.8121
1479684181798746,0.1625,-0.0146405,2.8121
1479684181816795,0.1625,-0.0146405,2.8121
1479684181836361,0.1625,-0.0146405,2.8121
1479684181858907,0.1625,-0.0146405,2.8121
1479684181876954,0.1625,-0.0146405,2.8121
1479684181896506,0.1625,-0.0146405,2.8121
1479684181919067,0.1625,-0.0146405,2.8121
1479684181936614,0.1625,-0.0146405,2.8121
1479684181956202,0.162358,-0.0145404,2.8121
1479684181978725,0.1625,-0.0146405,2.8121
1479684182001304,0.1625,-0.0146405,2.8121
1479684182016326,0.162378,-0.0146604,2.81209
1479684182038885,0.162358,-0.0145404,2.8121
1479684182061444,0.1625,-0.0146405,2.8121
1479684182078993,0.162358,-0.0145404,2.8121
1479684182098544,0.162479,-0.0145205,2.81211
1479684182121104,0.1625,-0.0146405,2.8121
1479684182137647,0.162358,-0.0145404,2.8121
1479684182158712,0.162358,-0.0145404,2.8121
1479684182181263,0.162479,-0.0145205,2.81211
1479684182197809,0.161484,-0.0145691,2.8122
1479684182218866,0.161484,-0.0145691,2.8122
1479684182241423,0.162257,-0.0146803,2.81209
1479684182257968,0.162135,-0.0147002,2.81209
1479684182279030,0.162135,-0.0147002,2.81209
1479684182301594,0.162135,-0.0147002,2.81209
1479684182317626,0.162135,-0.0147002,2.81209
1479684182338683,0.162013,-0.0147201,2.81208
1479684182361242,0.162135,-0.0147002,2.81209
1479684182377787,0.162013,-0.0147201,2.81208
1479684182398843,0.162013,-0.0147201,2.81208
1479684182428923,0.162135,-0.0147002,2.81209
1479684182438950,0.162013,-0.0147201,2.81208
1479684182459002,0.161871,-0.0146199,2.81209
1479684182481061,0.162013,-0.0147201,2.81208
1479684182499111,0.162013,-0.0147201,2.81208
1479684182518663,0.161871,-0.0146199,2.81209
1479684182541221,0.161871,-0.0146199,2.81209
1479684182559269,0.161871,-0.0146199,2.81209
1479684182578822,0.161871,-0.0146199,2.81209
1479684182601383,0.161871,-0.0146199,2.81209
1479684182619434,0.161892,-0.01474,2.81208
1479684182638989,0.161871,-0.0146199,2.81209
1479684182661040,0.161871,-0.0146199,2.81209
1479684182679088,0.161871,-0.0146199,2.81209
1479684182698640,0.161871,-0.0146199,2.81209
1479684182721200,0.161871,-0.0146199,2.81209
1479684182739251,0.161871,-0.0146199,2.81209
1479684182760305,0.16175,-0.0146398,2.81208
1479684182784372,0.161729,-0.0145198,2.81209
1479684182799408,0.161871,-0.0146199,2.81209
1479684182818964,0.16175,-0.0146398,2.81208
1479684182841520,0.161729,-0.0145198,2.81209
1479684182859066,0.162513,-0.0147484,2.81192
1479684182878618,0.162392,-0.0147683,2.81191
1479684182901183,0.162401,-0.0147708,2.81197
1479684182919226,0.162392,-0.0147683,2.81191
1479684182938779,0.162401,-0.0147708,2.81197
1479684182968859,0.16228,-0.0147907,2.81197
1479684182979386,0.162401,-0.0147708,2.81197
1479684182998938,0.162401,-0.0147708,2.81197
1479684183021499,0.16228,-0.0147907,2.81197
1479684183039045,0.16228,-0.0147907,2.81197
1479684183060101,0.16228,-0.0147907,2.81197
1479684183082661,0.16228,-0.0147907,2.81197
1479684183099707,0.16228,-0.0147907,2.81197
1479684183120261,0.16228,-0.0147907,2.81197
1479684183141317,0.162259,-0.0146707,2.81198
1479684183159366,0.162259,-0.0146707,2.81198
1479684183180421,0.162259,-0.0146707,2.81198
1479684183201478,0.162137,-0.0146906,2.81197
1479684183219026,0.162137,-0.0146906,2.81197
1479684183240080,0.162158,-0.0148106,2.81196
1479684183268659,0.162016,-0.0147105,2.81197
1479684183279184,0.162137,-0.0146906,2.81197
1479684183300240,0.162158,-0.0148106,2.81196
1479684183321296,0.162016,-0.0147105,2.81197
1479684183339344,0.162016,-0.0147105,2.81197
1479684183360400,0.162016,-0.0147105,2.81197
1479684183381456,0.162151,-0.0147985,2.81179
1479684183399005,0.162151,-0.0147985,2.81179
1479684183421562,0.162273,-0.0147786,2.8118
1479684183441115,0.16213,-0.0146785,2.8118
1479684183463674,0.16213,-0.0146785,2.8118
1479684183481724,0.16213,-0.0146785,2.8118
1479684183501276,0.16213,-0.0146785,2.8118
1479684183523835,0.162018,-0.0147009,2.81186
1479684183541882,0.16213,-0.0146785,2.8118
1479684183561435,0.162018,-0.0147009,2.81186
1479684183583997,0.162018,-0.0147009,2.81186
1479684183601541,0.16213,-0.0146785,2.8118
1479684183621093,0.16213,-0.0146785,2.8118
1479684183643653,0.162018,-0.0147009,2.81186
1479684183661701,0.16213,-0.0146785,2.8118
1479684183681253,0.16213,-0.0146785,2.8118
1479684183703814,0.16212,-0.0145609,2.81187
1479684183721861,0.16211,-0.0145584,2.81181
1479684183741413,0.16213,-0.0146785,2.8118
1479684183763972,0.161998,-0.0145808,2.81186
1479684183781520,0.16212,-0.0145609,2.81187
1479684183801073,0.16211,-0.0145584,2.81181
1479684183823632,0.161998,-0.0145808,2.81186
1479684183841680,0.16209,-0.0144384,2.81182
1479684183862752,0.16211,-0.0145584,2.81181
1479684183891311,0.161998,-0.0145808,2.81186
1479684183901840,0.161977,-0.0144608,2.81187
1479684183921392,0.16212,-0.0145609,2.81187
1479684183943951,0.161977,-0.0144608,2.81187
1479684183961498,0.161977,-0.0144608,2.81187
1479684183982556,0.161977,-0.0144608,2.81187
1479684184003610,0.161977,-0.0144608,2.81187
1479684184021660,0.161977,-0.0144608,2.81187
1479684184042714,0.161998,-0.0145808,2.81186
1479684184063770,0.161998,-0.0145808,2.81186
1479684184081830,0.161876,-0.0146007,2.81186
1479684184103878,0.161998,-0.0145808,2.81186
1479684184123930,0.161876,-0.0146007,2.81186
1479684184148998,0.162011,-0.0146888,2.81168
1479684184162533,0.162133,-0.0146689,2.81169
1479684184183590,0.162133,-0.0146689,2.81169
1479684184201639,0.162133,-0.0146689,2.81169
1479684184222693,0.162133,-0.0146689,2.81169
1479684184243749,0.162133,-0.0146689,2.81169
1479684184261797,0.162133,-0.0146689,2.81169
1479684184282853,0.162133,-0.0146689,2.81169
1479684184303909,0.162255,-0.014649,2.81169
1479684184321457,0.162133,-0.0146689,2.81169
1479684184344016,0.162255,-0.014649,2.81169
1479684184363568,0.162255,-0.014649,2.81169
1479684184381615,0.162133,-0.0146689,2.81169
1479684184404176,0.162255,-0.014649,2.81169
1479684184425236,0.162255,-0.014649,2.81169
1479684184449297,0.162133,-0.0146689,2.81169
1479684184464336,0.162255,-0.014649,2.81169
1479684184483889,0.162255,-0.014649,2.81169
1479684184501936,0.162234,-0.0145289,2.8117
1479684184523994,0.162234,-0.0145289,2.8117
1479684184543546,0.162376,-0.0146291,2.81169
1479684184561594,0.162234,-0.0145289,2.8117
1479684184584159,0.162234,-0.0145289,2.8117
1479684184603707,0.162356,-0.014509,2.8117
1479684184621755,0.162356,-0.014509,2.8117
1479684184644314,0.162356,-0.014509,2.8117
1479684184663867,0.162356,-0.014509,2.8117
1479684184681413,0.162356,-0.014509,2.8117
1479684184704475,0.162356,-0.014509,2.8117
1479684184723525,0.162356,-0.014509,2.8117
1479684184741573,0.162356,-0.014509,2.8117
1479684184764134,0.162356,-0.014509,2.8117
1479684184783686,0.162232,-0.0145385,2.81181
1479684184801737,0.16211,-0.0145584,2.81181
1479684184824295,0.16211,-0.0145584,2.81181
1479684184843845,0.16211,-0.0145584,2.81181
1479684184861894,0.161711,-0.0143901,2.81199
1479684184884455,0.161711,-0.0143901,2.81199
1479684184904005,0.161711,-0.0143901,2.81199
1479684184926065,0.161711,-0.0143901,2.81199
1479684184944112,0.161711,-0.0143901,2.81199
1479684184965174,0.161711,-0.0143901,2.81199
1479684184986224,0.161833,-0.0143702,2.81199
1479684185004278,0.161711,-0.0143901,2.81199
1479684185025328,0.161833,-0.0143702,2.81199
1479684185046384,0.161833,-0.0143702,2.81199
1479684185064432,0.161711,-0.0143901,2.81199
1479684185092507,0.161813,-0.0142502,2.812
1479684185106544,0.161813,-0.0142502,2.812
1479684185124091,0.161813,-0.0142502,2.812
1479684185146650,0.161813,-0.0142502,2.812
1479684185166202,0.161934,-0.0142303,2.81201
1479684185184255,0.161813,-0.0142502,2.812
1479684185205307,0.161813,-0.0142502,2.812
1479684185226362,0.161813,-0.0142502,2.812
1479684185244410,0.161813,-0.0142502,2.812
1479684185264965,0.161813,-0.0142502,2.812
1479684185286522,0.161813,-0.0142502,2.812
1479684185304070,0.161813,-0.0142502,2.812
1479684185326630,0.161813,-0.0142502,2.812
1479684185346181,0.161813,-0.0142502,2.812
1479684185364229,0.161813,-0.0142502,2.812
1479684185386790,0.161691,-0.0142701,2.812
1479684185406340,0.161813,-0.0142502,2.812
1479684185424389,0.161833,-0.0143702,2.81199
1479684185446448,0.161813,-0.0142502,2.812
1479684185466501,0.161813,-0.0142502,2.812
1479684185484051,0.161813,-0.0142502,2.812
1479684185506608,0.161813,-0.0142502,2.812
1479684185533682,0.161813,-0.0142502,2.812
1479684185544209,0.161813,-0.0142502,2.812
1479684185566771,0.161691,-0.0142701,2.812
1479684185586320,0.161813,-0.0142502,2.812
1479684185604368,0.161813,-0.0142502,2.812
1479684185626426,0.161792,-0.0141301,2.81201
1479684185646479,0.161792,-0.0141301,2.81201
1479684185664026,0.161813,-0.0142502,2.812
1479684185686586,0.161792,-0.0141301,2.81201
1479684185706139,0.161792,-0.0141301,2.81201
1479684185724186,0.161792,-0.0141301,2.81201
1479684185746747,0.161792,-0.0141301,2.81201
1479684185769306,0.161671,-0.01415,2.81201
1479684185784349,0.161792,-0.0141301,2.81201
1479684185812922,0.161792,-0.0141301,2.81201
1479684185826460,0.161792,-0.0141301,2.81201
1479684185844005,0.161792,-0.0141301,2.81201
1479684185866568,0.161792,-0.0141301,2.81201
1479684185887621,0.161792,-0.0141301,2.81201
1479684185904167,0.161792,-0.0141301,2.81201
1479684185926725,0.161792,-0.0141301,2.81201
1479684185947782,0.161792,-0.0141301,2.81201
1479684185964327,0.161792,-0.0141301,2.81201
1479684185986886,0.161792,-0.0141301,2.81201
1479684186007941,0.161792,-0.0141301,2.81201
1479684186024988,0.161792,-0.0141301,2.81201
1479684186046544,0.161792,-0.0141301,2.81201
1479684186067600,0.161671,-0.01415,2.81201
1479684186091666,0.161792,-0.0141301,2.81201
1479684186106704,0.161792,-0.0141301,2.81201
1479684186127761,0.161671,-0.01415,2.81201
1479684186144304,0.161792,-0.0141301,2.81201
1479684186166867,0.161792,-0.0141301,2.81201
1479684186187919,0.16127,-0.0139912,2.8123
1479684186203963,0.16127,-0.0139912,2.8123
1479684186226539,0.16127,-0.0139912,2.8123
1479684186249083,0.16127,-0.0139912,2.8123
1479684186264122,0.161006,-0.0139109,2.8123
1479684186286683,0.161024,-0.0140405,2.81241
1479684186309243,0.161027,-0.0140309,2.81229
1479684186324282,0.161027,-0.0140309,2.81229
1479684186346842,0.160882,-0.0139403,2.81241
1479684186369403,0.160761,-0.0139602,2.81241
1479684186388956,0.160761,-0.0139602,2.81241
1479684186406501,0.160761,-0.0139602,2.81241
1479684186434576,0.160761,-0.0139602,2.81241
1479684186448613,0.160362,-0.0137916,2.81259
1479684186465659,0.160362,-0.0137916,2.81259
1479684186488219,0.160342,-0.0136716,2.81259
1479684186509275,0.160342,-0.0136716,2.81259
1479684186525818,0.160362,-0.0137916,2.81259
1479684186548378,0.160362,-0.0137916,2.81259
1479684186569437,0.16022,-0.0136914,2.81259
1479684186585979,0.160342,-0.0136716,2.81259
1479684186608538,0.160342,-0.0136716,2.81259
1479684186629594,0.16022,-0.0136914,2.81259
1479684186645639,0.160342,-0.0136716,2.81259
1479684186668197,0.160362,-0.0137916,2.81259
1479684186689253,0.160342,-0.0136716,2.81259
1479684186705797,0.160342,-0.0136716,2.81259
1479684186728366,0.160342,-0.0136716,2.81259
1479684186749413,0.160342,-0.0136716,2.81259
1479684186765957,0.160342,-0.0136716,2.81259
1479684186788518,0.160342,-0.0136716,2.81259
1479684186809572,0.160342,-0.0136716,2.81259
1479684186826129,0.160342,-0.0136716,2.81259
1479684186848175,0.160454,-0.0136493,2.81254
1479684186869232,0.160342,-0.0136716,2.81259
1479684186885780,0.160342,-0.0136716,2.81259
1479684186908335,0.160474,-0.0137693,2.81253
1479684186929392,0.160362,-0.0137916,2.81259
1479684186946437,0.160342,-0.0136716,2.81259
1479684186968497,0.160454,-0.0136493,2.81254
1479684186989588,0.160342,-0.0136716,2.81259
1479684187006096,0.160342,-0.0136716,2.81259
1479684187028154,0.160454,-0.0136493,2.81254
1479684187049714,0.160342,-0.0136716,2.81259
1479684187065755,0.160342,-0.0136716,2.81259
1479684187088315,0.160474,-0.0137693,2.81253
1479684187109370,0.160332,-0.0136691,2.81254
1479684187125914,0.160342,-0.0136716,2.81259
1479684187148474,0.160342,-0.0136716,2.81259
1479684187169530,0.160342,-0.0136716,2.81259
1479684187185072,0.16058,-0.0136104,2.81232
1479684187208634,0.160702,-0.0135905,2.81232
1479684187230698,0.160702,-0.0135905,2.81232
1479684187245733,0.160702,-0.0135905,2.81232
1479684187268293,0.160702,-0.0135905,2.81232
1479684187290853,0.160823,-0.0135706,2.81232
1479684187305893,0.160702,-0.0135905,2.81232
1479684187328453,0.160844,-0.0136907,2.81231
1479684187351014,0.160844,-0.0136907,2.81231
1479684187365052,0.160844,-0.0136907,2.81231
1479684187388613,0.160965,-0.0136708,2.81232
1479684187410672,0.160965,-0.0136708,2.81232
1479684187425212,0.160823,-0.0135706,2.81232
1479684187455792,0.160823,-0.0135706,2.81232
1479684187470834,0.160965,-0.0136708,2.81232
1479684187485371,0.160945,-0.0135507,2.81233
1479684187508433,0.160945,-0.0135507,2.81233
1479684187531494,0.160945,-0.0135507,2.81233
1479684187545029,0.160945,-0.0135507,2.81233
1479684187568592,0.160945,-0.0135507,2.81233
1479684187590650,0.160945,-0.0135507,2.81233
1479684187605189,0.160945,-0.0135507,2.81233
1479684187628251,0.160945,-0.0135507,2.81233
1479684187650812,0.161087,-0.0136509,2.81232
1479684187671866,0.161087,-0.0136509,2.81232
1479684187688411,0.161066,-0.0135308,2.81233
1479684187710971,0.161208,-0.013631,2.81233
1479684187732027,0.161087,-0.0136509,2.81232
1479684187754587,0.161087,-0.0136509,2.81232
1479684187770631,0.161208,-0.013631,2.81233
1479684187791685,0.161208,-0.013631,2.81233
1479684187808229,0.161087,-0.0136509,2.81232
1479684187830789,0.161208,-0.013631,2.81233
1479684187851845,0.161208,-0.013631,2.81233
1479684187868389,0.161208,-0.013631,2.81233
1479684187890949,0.161208,-0.013631,2.81233
1479684187912006,0.16133,-0.0136111,2.81233
1479684187928550,0.161208,-0.013631,2.81233
1479684187951112,0.160461,-0.0136207,2.8122
1479684187972165,0.159404,-0.0138536,2.81136
1479684187988208,0.158287,-0.0143572,2.80907
1479684188010769,0.161643,-0.0156699,2.80765
1479684188033329,0.164414,-0.0165227,2.80705
1479684188048367,0.163705,-0.0168051,2.80753
1479684188070927,0.161145,-0.0179231,2.80838
1479684188091483,0.163119,-0.0240957,2.80581
1479684188107525,0.178806,-0.0323024,2.80189
1479684188131087,0.191774,-0.0340557,2.79896
1479684188153147,0.194003,-0.0338459,2.79815
1479684188167688,0.191307,-0.0379285,2.79958
1479684188190746,0.186896,-0.038194,2.80243
1479684188213308,0.184804,-0.0399492,2.80697
1479684188227846,0.180557,-0.0382298,2.81333
1479684188250908,0.169491,-0.0327952,2.82487
1479684188273466,0.153712,-0.0257902,2.84036
1479684188294523,0.138018,-0.0170011,2.86018
1479684188311066,0.123329,-0.00799532,2.88504
1479684188333127,0.108346,0.000710882,2.91392
1479684188354182,0.0907052,0.0084901,2.94703
1479684188370725,0.0698032,0.0157656,2.98517
1479684188393285,0.0474554,0.0213015,3.0275
1479684188414341,0.0281589,0.0229615,3.07256
1479684188430885,0.0136903,0.0201764,3.11902
1479684188453447,0.000427673,0.0159881,-3.11864
1479684188474502,-0.0137028,0.0101151,-3.07365
1479684188491047,-0.0307663,0.00298109,-3.02744
1479684188513611,-0.0525678,-0.00480791,-2.97998
1479684188534665,-0.0787954,-0.0149379,-2.93234
1479684188550705,-0.105151,-0.0257871,-2.88589
1479684188573264,-0.133232,-0.0382852,-2.84421
1479684188594320,-0.160922,-0.0486928,-2.80737
1479684188610865,-0.190456,-0.0570669,-2.77687
1479684188633424,-0.219158,-0.0663332,-2.75134
1479684188654480,-0.260048,-0.0771365,-2.73202
1479684188671024,-0.301685,-0.0911482,-2.71753
1479684188693082,-0.341911,-0.108066,-2.70738
1479684188714639,-0.386543,-0.126698,-2.7021
1479684188730183,-0.439548,-0.147182,-2.70201
1479684188753244,-0.497627,-0.171667,-2.70641
1479684188774298,-0.555962,-0.201581,-2.71165
1479684188790863,-0.609365,-0.233186,-2.71697
1479684188813402,-0.658631,-0.265135,-2.72459
1479684188834481,-0.708986,-0.298472,-2.7334
1479684188851002,-0.753998,-0.331215,-2.74199
1479684188873562,-0.792647,-0.360457,-2.75037
1479684188894619,-0.820116,-0.387162,-2.75848
1479684188910160,-0.843224,-0.413225,-2.76532
1479684188933225,-0.86256,-0.438401,-2.7709
1479684188954277,-0.876922,-0.461451,-2.77524
1479684188970320,-0.887745,-0.480265,-2.77919
1479684188993394,-0.897807,-0.495873,-2.78414
1479684189014437,-0.906587,-0.507576,-2.79026
1479684189029978,-0.907804,-0.514777,-2.79632
1479684189053541,-0.900492,-0.522208,-2.8037
1479684189076106,-0.88873,-0.528565,-2.81466
1479684189090138,-0.876222,-0.533141,-2.8278
1479684189113199,-0.862533,-0.534655,-2.8408
1479684189135761,-0.842606,-0.537315,-2.85755
1479684189150301,-0.820039,-0.539984,-2.87667
1479684189173360,-0.80096,-0.540767,-2.89971
1479684189195920,-0.785158,-0.542141,-2.92398
1479684189209957,-0.769393,-0.546402,-2.94676
1479684189233524,-0.752226,-0.552235,-2.96933
1479684189256080,-0.731471,-0.55852,-2.9926
1479684189277135,-0.711291,-0.56312,-3.01671
1479684189293179,-0.687094,-0.565958,-3.04464
1479684189315741,-0.658103,-0.567063,-3.07426
1479684189336794,-0.619433,-0.56934,-3.10339
1479684189353350,-0.57803,-0.568012,-3.13505
1479684189376400,-0.542882,-0.560769,3.11633
1479684189396955,-0.509923,-0.552343,3.08655
1479684189419515,-0.476216,-0.541403,3.06002
1479684189436059,-0.440991,-0.526504,3.03571
1479684189457114,-0.413419,-0.507221,3.0155
1479684189473157,-0.390233,-0.487214,2.99519
1479684189495718,-0.361017,-0.467823,2.97512
1479684189516778,-0.325361,-0.449798,2.95583
1479684189533326,-0.290854,-0.429145,2.94087
1479684189555877,-0.269032,-0.404461,2.9312
1479684189576934,-0.248246,-0.383423,2.91963
1479684189593479,-0.221657,-0.365996,2.90579
1479684189616043,-0.193344,-0.350714,2.89209
1479684189637093,-0.170766,-0.333441,2.88108
1479684189653136,-0.150653,-0.314943,2.86942
1479684189675696,-0.129259,-0.295425,2.85635
1479684189696752,-0.108074,-0.27571,2.84025
1479684189713296,-0.0895009,-0.2575,2.82402
1479684189735858,-0.0764879,-0.243895,2.80455
1479684189756913,-0.0670958,-0.232874,2.78448
1479684189772453,-0.0638728,-0.223074,2.76487
1479684189796015,-0.0588194,-0.216693,2.74309
1479684189819579,-0.0481262,-0.213315,2.72016
1479684189832617,-0.0401594,-0.208193,2.70001
1479684189855679,-0.0381388,-0.200009,2.68621
1479684189876767,-0.0425204,-0.188402,2.67861
1479684189892773,-0.0500692,-0.17464,2.67455
1479684189915836,-0.0563393,-0.158834,2.67314
1479684189936928,-0.0591263,-0.141461,2.67413
1479684189952933,-0.060052,-0.121796,2.67748
1479684189975994,-0.0624481,-0.0992459,2.68332
1479684189997088,-0.0671548,-0.0745408,2.69122
1479684190012593,-0.0715618,-0.0487238,2.70047
1479684190035662,-0.0737445,-0.0228932,2.71087
1479684190058213,-0.0751863,0.00309621,2.72212
1479684190072752,-0.0780146,0.029887,2.73354
1479684190095813,-0.0809291,0.0555141,2.74484
1479684190118373,-0.0839822,0.0801228,2.75642
1479684190139443,-0.0857312,0.103777,2.76953
1479684190155975,-0.0892293,0.126905,2.78397
1479684190178535,-0.0943968,0.150283,2.79887
1479684190199592,-0.0976033,0.172295,2.81398
1479684190216136,-0.0988726,0.194522,2.82944
1479684190238192,-0.1009,0.217404,2.84502
1479684190259247,-0.102173,0.239703,2.86208
1479684190275792,-0.103058,0.263255,2.88063
1479684190298352,-0.104395,0.287755,2.8991
1479684190319430,-0.10319,0.311412,2.91689
1479684190335953,-0.0987202,0.335363,2.93347
1479684190358511,-0.0929158,0.359213,2.94962
1479684190379568,-0.0863283,0.383465,2.9661
1479684190395611,-0.0809394,0.407689,2.98265
1479684190418170,-0.0765202,0.430936,2.99885
1479684190439226,-0.0702536,0.454105,3.01375
1479684190455772,-0.0620228,0.475926,3.02761
1479684190478331,-0.0532007,0.4967,3.04077
1479684190506906,-0.044518,0.516284,3.05392
1479684190515934,-0.0356635,0.533832,3.06679
1479684190538491,-0.0261165,0.549908,3.07918
1479684190559546,-0.0156084,0.564152,3.09169
1479684190576090,-0.00422282,0.576092,3.10457
1479684190598149,0.00614281,0.586499,3.1159
1479684190619205,0.0152745,0.595988,3.12521
1479684190635750,0.0231222,0.602758,3.13331
1479684190658309,0.0276988,0.606412,3.13977
1479684190679365,0.0309129,0.606828,-3.13805
1479684190695910,0.0337767,0.605617,-3.13296
1479684190718469,0.0328137,0.603378,-3.13023
1479684190739525,0.0296781,0.599829,-3.1291
1479684190756069,0.0264668,0.594844,-3.1294
1479684190778128,0.0206703,0.589267,-3.13149
1479684190799686,0.0103814,0.581264,-3.1367
1479684190815227,-0.00386992,0.56917,3.13575
1479684190838789,-0.021387,0.551389,3.11982
1479684190859344,-0.0418309,0.527466,3.09957
1479684190875386,-0.06537,0.497226,3.07623
1479684190898448,-0.0928981,0.461314,3.05185
1479684190919503,-0.120795,0.421835,3.02851
1479684190935045,-0.148973,0.379639,3.00745
1479684190958106,-0.176191,0.335668,2.9867
1479684190980667,-0.200412,0.289929,2.96597
1479684190995206,-0.221703,0.244147,2.9472
1479684191018266,-0.240156,0.200509,2.9301
1479684191040829,-0.256057,0.159849,2.91479
1479684191055365,-0.271969,0.1191,2.89922
1479684191077925,-0.285931,0.0771112,2.88178
1479684191101488,-0.295791,0.0322604,2.86217
1479684191122042,-0.301897,-0.0124647,2.84108
1479684191138586,-0.311327,-0.0561165,2.82024
1479684191160646,-0.323883,-0.101772,2.79777
1479684191182204,-0.330988,-0.151311,2.77193
1479684191198245,-0.333897,-0.203058,2.74512
1479684191220805,-0.335276,-0.255619,2.7174
1479684191241862,-0.334742,-0.309413,2.68853
1479684191258407,-0.33209,-0.364216,2.65835
1479684191280965,-0.32669,-0.419655,2.62694
1479684191302025,-0.317552,-0.473777,2.59454
1479684191318064,-0.30619,-0.525423,2.56247
1479684191340624,-0.297051,-0.572647,2.53248
1479684191361679,-0.286949,-0.61684,2.50266
1479684191378750,-0.271155,-0.6591,2.47301
1479684191400784,-0.252564,-0.696683,2.44526
1479684191421840,-0.233195,-0.728237,2.42048
1479684191438389,-0.213821,-0.753331,2.39898
1479684191460944,-0.197123,-0.769942,2.38187
1479684191482000,-0.183562,-0.780088,2.36966
1479684191498546,-0.170601,-0.785353,2.35998
1479684191520603,-0.156194,-0.78619,2.35103
1479684191541659,-0.140515,-0.782528,2.34327
1479684191557701,-0.122674,-0.773997,2.33562
1479684191580762,-0.105081,-0.759011,2.33002
1479684191601818,-0.0957596,-0.737859,2.32988
1479684191618362,-0.0899305,-0.712953,2.33197
1479684191640923,-0.0814583,-0.685164,2.33506
1479684191661978,-0.0711702,-0.65336,2.3397
1479684191678021,-0.063072,-0.616772,2.35069
1479684191701082,-0.0578823,-0.580145,2.35826
1479684191721637,-0.0498734,-0.54336,2.36417
1479684191737680,-0.0429539,-0.505588,2.37289
1479684191761258,-0.0357005,-0.465725,2.38303
1479684191781799,-0.0274388,-0.426531,2.39062
1479684191797842,-0.0147956,-0.389937,2.39521
1479684191820901,-0.000809654,-0.353373,2.39899
1479684191841957,0.0126227,-0.316487,2.40443
1479684191857498,0.023341,-0.278934,2.41167
1479684191880559,0.0315165,-0.243999,2.41699
1479684191902117,0.041096,-0.211352,2.42203
1479684191918160,0.0496962,-0.179476,2.42908
1479684191941221,0.0547433,-0.148943,2.43666
1479684191963786,0.0602038,-0.121686,2.44366
1479684191977818,0.0671334,-0.097127,2.44956
1479684192000881,0.0725006,-0.0737595,2.45615
1479684192023440,0.0749948,-0.0528078,2.46272
1479684192037477,0.0782488,-0.0349639,2.46742
1479684192061039,0.0821565,-0.0205032,2.4705
1479684192083601,0.0829219,-0.00985057,2.47294
1479684192104156,0.0806187,-0.00217406,2.47445
1479684192120699,0.0776084,0.000903033,2.4749
1479684192143258,0.0745335,-0.000657141,2.47429
1479684192164314,0.0687707,-0.00640023,2.4742
1479684192180858,0.0599958,-0.0153914,2.47433
1479684192203420,0.0514265,-0.0273153,2.47605
1479684192224474,0.0400605,-0.041118,2.48043
1479684192241018,0.02651,-0.0545736,2.4876
1479684192263077,0.0110838,-0.0672231,2.4982
1479684192284635,-0.00588272,-0.0785775,2.51215
1479684192300684,-0.0229718,-0.0875407,2.53028
1479684192323237,-0.0396808,-0.0948579,2.55295
1479684192344292,-0.0572813,-0.0999409,2.57976
1479684192360837,-0.074282,-0.103181,2.60997
1479684192383401,-0.0885454,-0.105263,2.64351
1479684192404453,-0.104982,-0.104025,2.68072
1479684192421009,-0.121382,-0.100391,2.7206
1479684192451077,-0.135782,-0.0946275,2.76242
1479684192472133,-0.148892,-0.0861581,2.80539
1479684192480655,-0.158136,-0.0753322,2.84906
1479684192503216,-0.162892,-0.0643395,2.89304
1479684192524272,-0.164208,-0.0516101,2.93853
1479684192540816,-0.166076,-0.0369582,2.98575
1479684192563376,-0.169105,-0.0216728,3.03508
1479684192584934,-0.170888,-0.00596887,3.08623
1479684192600976,-0.170402,0.00955104,3.13722
1479684192623535,-0.167573,0.0228865,-3.09524
1479684192652112,-0.160076,0.0325149,-3.04509
1479684192661637,-0.148485,0.0389851,-2.99561
1479684192683195,-0.138261,0.0440149,-2.94693
1479684192704250,-0.127495,0.0469177,-2.90004
1479684192720293,-0.117818,0.0494383,-2.85618
1479684192743354,-0.108436,0.0506589,-2.816
1479684192764410,-0.0968889,0.0487854,-2.77999
1479684192779952,-0.0824267,0.0501731,-2.74869
1479684192803514,-0.0679121,0.0505479,-2.72224
1479684192824570,-0.0551182,0.0504577,-2.69899
1479684192846629,-0.0455439,0.0512192,-2.68
1479684192863173,-0.0366563,0.0517831,-2.66377
1479684192885733,-0.0327263,0.0555836,-2.65366
1479684192900274,-0.0272228,0.0608811,-2.64778
1479684192923333,-0.0224151,0.0682631,-2.64612
1479684192945911,-0.0240306,0.0775171,-2.65092
1479684192959930,-0.0336139,0.0885234,-2.66313
1479684192983495,-0.0470354,0.0988177,-2.68187
1479684193007056,-0.0619053,0.106675,-2.70601
1479684193027112,-0.0823905,0.112087,-2.73487
1479684193049671,-0.107986,0.114182,-2.76736
1479684193065712,-0.136064,0.112654,-2.80345
1479684193086768,-0.163485,0.108012,-2.84312
1479684193103814,-0.190796,0.0971711,-2.88605
1479684193126373,-0.216901,0.0819455,-2.93182
1479684193146927,-0.243739,0.0631047,-2.97833
1479684193163973,-0.270853,0.0407376,-3.0257
1479684193186031,-0.294232,0.0138254,-3.07415
1479684193207087,-0.314349,-0.0182676,-3.1235
1479684193223130,-0.331071,-0.0521227,3.11044
1479684193245691,-0.346624,-0.0866063,3.05936
1479684193266746,-0.358748,-0.124569,3.00769
1479684193283291,-0.366208,-0.163504,2.95645
1479684193305853,-0.370626,-0.199014,2.90754
1479684193326906,-0.374343,-0.229632,2.86194
1479684193343450,-0.375181,-0.255642,2.81867
1479684193366011,-0.374279,-0.273545,2.77883
1479684193387066,-0.376074,-0.28192,2.74649
1479684193403109,-0.383094,-0.279667,2.72298
1479684193425670,-0.388481,-0.267453,2.70634
1479684193446725,-0.393794,-0.242782,2.69738
1479684193463270,-0.395487,-0.205635,2.69797
1479684193485829,-0.390946,-0.160308,2.70658
1479684193507386,-0.38405,-0.107102,2.72223
1479684193523429,-0.374356,-0.0478369,2.74502
1479684193545989,-0.362067,0.0162259,2.77377
1479684193567045,-0.344092,0.0831247,2.80776
1479684193582588,-0.317771,0.149921,2.84684
1479684193605647,-0.283619,0.214557,2.8898
1479684193626704,-0.240601,0.273687,2.93608
1479684193642746,-0.189841,0.328782,2.98616
1479684193665809,-0.138938,0.381517,3.03696
1479684193686864,-0.0869838,0.430931,3.08753
1479684193702906,-0.0356585,0.475043,3.13698
1479684193725968,0.0122778,0.511548,-3.09851
1479684193747024,0.0567997,0.538296,-3.05612
1479684193762565,0.0989531,0.556185,-3.01658
1479684193785627,0.134985,0.56364,-2.98219
1479684193806683,0.162784,0.564181,-2.95743
1479684193822725,0.181728,0.555678,-2.9426
1479684193845787,0.192938,0.538998,-2.9358
1479684193868347,0.199254,0.51488,-2.93668
1479684193882886,0.20245,0.49099,-2.94481
1479684193905946,0.200543,0.47003,-2.96142
1479684193928507,0.189171,0.45275,-2.98928
1479684193942544,0.168858,0.43416,-3.02613
1479684193965609,0.140599,0.415172,-3.06892
1479684193988165,0.103799,0.396992,-3.11546
1479684194009221,0.0605277,0.373305,3.11798
1479684194025765,0.0139506,0.3466,3.0683
1479684194048327,-0.035797,0.31956,3.01879
1479684194069381,-0.0852983,0.290429,2.9703
1479684194085931,-0.12713,0.256935,2.92256
1479684194108485,-0.162046,0.217405,2.87504
1479684194136559,-0.191852,0.167389,2.82468
1479684194148092,-0.210376,0.108423,2.77516
1479684194168645,-0.220636,0.0447943,2.72823
1479684194189200,-0.228702,-0.0224099,2.68438
1479684194205744,-0.232721,-0.0956788,2.6446
1479684194228304,-0.231069,-0.171269,2.60839
1479684194249360,-0.226491,-0.243663,2.577
1479684194265906,-0.225612,-0.312126,2.55139
1479684194288481,-0.225664,-0.373304,2.53084
1479684194309520,-0.228265,-0.4218,2.51712
1479684194325573,-0.235364,-0.462697,2.51097
1479684194348625,-0.249559,-0.490067,2.51324
1479684194369179,-0.263553,-0.504908,2.52451
1479684194385722,-0.275299,-0.506823,2.54187
1479684194414299,-0.287268,-0.498826,2.56863
1479684194429338,-0.297629,-0.479569,2.60391
1479684194445882,-0.313764,-0.4503,2.64881
1479684194468443,-0.332476,-0.411322,2.70234
1479684194489498,-0.349383,-0.364242,2.76064
1479684194506042,-0.359907,-0.311862,2.8223
1479684194528101,-0.362698,-0.255801,2.88461
1479684194549159,-0.3571,-0.198345,2.94669
1479684194565203,-0.342452,-0.142289,3.00998
1479684194588261,-0.315558,-0.089667,3.07642
1479684194609317,-0.282265,-0.0409528,-3.14083
1479684194625360,-0.24501,3.04356e-005,-3.0764
1479684194648423,-0.202678,0.0326325,-3.01192
1479684194669477,-0.16031,0.0571677,-2.94972
1479684194692037,-0.123517,0.0725717,-2.89418
1479684194714597,-0.0897044,0.0788527,-2.84604
1479684194729135,-0.0525612,0.0779322,-2.8014
1479684194745194,-0.0135458,0.0722985,-2.75705
1479684194768240,0.0103061,0.0602268,-2.71882
1479684194790800,0.0235017,0.0418334,-2.69067
1479684194805338,0.0355504,0.0219586,-2.66915
1479684194828408,0.0514409,0.00480743,-2.64857
1479684194850964,0.0611031,-0.00714774,-2.63002
1479684194864998,0.0600821,-0.0168277,-2.61515
1479684194888059,0.0544814,-0.0228938,-2.60307
1479684194910619,0.0480857,-0.0215605,-2.59167
1479684194931675,0.0380026,-0.0136182,-2.58058
1479684194948722,0.0241751,-0.000845946,-2.57192
1479684194970778,0.00416252,0.0149359,-2.56652
1479684194991834,-0.0204199,0.0329221,-2.56519
1479684195008378,-0.0471609,0.0516095,-2.56761
1479684195030939,-0.0742994,0.0692592,-2.57158
1479684195051994,-0.1101,0.0866112,-2.5783
1479684195068539,-0.153468,0.102851,-2.58808
1479684195090597,-0.199985,0.117402,-2.60024
1479684195111654,-0.249289,0.129807,-2.61496
1479684195128198,-0.301472,0.139529,-2.63047
1479684195156773,-0.357427,0.145286,-2.64604
1479684195171812,-0.413789,0.147576,-2.66255
1479684195188358,-0.469009,0.145898,-2.67943
1479684195210917,-0.523632,0.141005,-2.69529
1479684195231976,-0.578108,0.132179,-2.70864
1479684195248517,-0.6308,0.120554,-2.72117
1479684195270576,-0.682403,0.103949,-2.7331
1479684195291631,-0.730987,0.0831278,-2.74372
1479684195308176,-0.776792,0.058559,-2.75297
1479684195330736,-0.820462,0.0326011,-2.76174
1479684195351791,-0.864066,0.00195384,-2.77031
1479684195368336,-0.904759,-0.034968,-2.77685
1479684195390895,-0.945731,-0.0744189,-2.78266
1479684195411952,-0.983927,-0.116527,-2.78844
1479684195428495,-1.01989,-0.159731,-2.79196
1479684195450555,-1.0512,-0.203518,-2.79353
1479684195471610,-1.07415,-0.24529,-2.79575
1479684195488155,-1.08894,-0.284042,-2.80095
1479684195510714,-1.09745,-0.318801,-2.80795
1479684195531773,-1.09997,-0.347862,-2.81708
1479684195547814,-1.09114,-0.372638,-2.83111
1479684195570875,-1.07181,-0.39112,-2.85222
1479684195591930,-1.04709,-0.400286,-2.87734
1479684195607472,-1.01976,-0.401101,-2.9049
1479684195631034,-0.986303,-0.397113,-2.93461
1479684195652090,-0.938285,-0.390486,-2.96412
1479684195674149,-0.879923,-0.373631,-2.99407
1479684195690693,-0.829974,-0.348626,-3.01835
1479684195711749,-0.778756,-0.31939,-3.04297
1479684195727792,-0.714589,-0.287224,-3.06688
1479684195750853,-0.641801,-0.244455,-3.08654
1479684195773413,-0.586881,-0.192768,-3.09446
1479684195787450,-0.537994,-0.147169,-3.09639
1479684195811013,-0.471682,-0.107019,-3.09964
1479684195833573,-0.395855,-0.0655076,-3.09931
1479684195854128,-0.335262,-0.0202447,-3.08778
1479684195870671,-0.283842,0.0144077,-3.0736
1479684195893232,-0.21299,0.0386017,-3.06441
1479684195914288,-0.138785,0.0615934,-3.05563
1479684195930832,-0.080983,0.0840553,-3.04213
1479684195953893,-0.0334579,0.0979214,-3.03514
1479684195974448,0.0125823,0.102687,-3.03738
1479684195991496,0.0512081,0.103993,-3.04206
1479684196013553,0.0817192,0.101491,-3.04384
1479684196034107,0.107185,0.100001,-3.04502
1479684196050650,0.123145,0.0989856,-3.05049
1479684196080731,0.124282,0.0955539,-3.06352
1479684196094266,0.122406,0.0878567,-3.08124
1479684196118337,0.116559,0.0786423,-3.09711
1479684196133371,0.102573,0.0713736,-3.10992
1479684196161959,0.0820034,0.0632115,-3.12152
1479684196170970,0.058058,0.0533187,-3.1354
1479684196193531,0.0319311,0.0431133,3.13312
1479684196214587,0.00474324,0.0349695,3.11958
1479684196230629,-0.0219605,0.0272174,3.10711
1479684196253691,-0.0503596,0.0175052,3.09462
1479684196274245,-0.0797299,0.00662131,3.08085
1479684196290789,-0.109394,-0.00628926,3.06698
1479684196313349,-0.138545,-0.0198268,3.05362
1479684196334405,-0.173398,-0.0347124,3.04016
1479684196350949,-0.205318,-0.0518664,3.02608
1479684196381029,-0.23946,-0.0707729,3.01136
1479684196394565,-0.272928,-0.0916093,2.99837
1479684196411610,-0.306767,-0.113884,2.98643
1479684196433168,-0.340253,-0.138072,2.97587
1479684196454224,-0.368174,-0.161186,2.96692
1479684196470267,-0.39488,-0.184573,2.96044
1479684196493328,-0.418927,-0.209235,2.95528
1479684196514384,-0.440612,-0.231243,2.95067
1479684196529925,-0.459283,-0.250454,2.94719
1479684196553490,-0.4747,-0.267243,2.9447
1479684196574543,-0.489567,-0.281568,2.94411
1479684196590085,-0.501913,-0.291963,2.94436
1479684196613146,-0.511041,-0.298631,2.94649
1479684196635706,-0.518437,-0.301361,2.95132
1479684196650245,-0.521632,-0.299444,2.95742
1479684196673306,-0.520012,-0.2927,2.96529
1479684196695866,-0.513385,-0.280315,2.97573
1479684196710405,-0.502051,-0.263597,2.98753
1479684196733468,-0.486162,-0.244265,2.99921
1479684196756026,-0.465141,-0.221385,3.01078
1479684196770063,-0.439289,-0.193485,3.02343
1479684196793125,-0.416293,-0.161312,3.03796
1479684196815688,-0.391746,-0.133374,3.05055
1479684196836742,-0.359048,-0.108755,3.06117
1479684196853285,-0.320294,-0.0843832,3.07353
1479684196875845,-0.286015,-0.0599058,3.08889
1479684196896901,-0.25126,-0.0422917,3.10103
1479684196913445,-0.211034,-0.028792,3.10855
1479684196936005,-0.172157,-0.0157999,3.11612
1479684196957060,-0.138747,-0.00480099,3.12357
1479684196979120,-0.10613,-0.000706844,3.12598
1479684196995664,-0.0735022,-0.000718527,3.12537
1479684197016720,-0.0451515,-0.00268817,3.12529
1479684197033264,-0.0236318,-0.00630121,3.12494
1479684197055826,-0.00621919,-0.0127592,3.12137
1479684197076880,0.00929964,-0.0200214,3.11513
1479684197093424,0.0228061,-0.0288185,3.10965
1479684197115984,0.0337689,-0.0373708,3.10555
1479684197137040,0.0385017,-0.0442966,3.10166
1479684197153082,0.0402062,-0.050656,3.09746
1479684197175642,0.0389034,-0.0557847,3.0958
1479684197196698,0.0290713,-0.0589435,3.09616
1479684197213242,0.0153141,-0.0610818,3.09618
1479684197235803,0.000729456,-0.063123,3.09528
1479684197256858,-0.0181898,-0.0667575,3.09359
1479684197273903,-0.0421476,-0.0721812,3.09046
1479684197295963,-0.0707545,-0.0813734,3.08383
1479684197317034,-0.0988462,-0.0961396,3.07281
1479684197333062,-0.125572,-0.115502,3.05977
1479684197355623,-0.153765,-0.13935,3.04454
1479684197376677,-0.180233,-0.16862,3.02616
1479684197399237,-0.202554,-0.20173,3.00392
1479684197415783,-0.219775,-0.237976,2.98022
1479684197436837,-0.232567,-0.276852,2.95471
1479684197452879,-0.24119,-0.316899,2.9278
1479684197475942,-0.243422,-0.357062,2.90094
1479684197496997,-0.241197,-0.395295,2.87364
1479684197512538,-0.238871,-0.429809,2.84745
1479684197535600,-0.234265,-0.46112,2.82079
1479684197556656,-0.222358,-0.48919,2.7951
1479684197572700,-0.206185,-0.512973,2.77189
1479684197595761,-0.189649,-0.531646,2.75295
1479684197616816,-0.173856,-0.544251,2.7368
1479684197632859,-0.159534,-0.550091,2.72428
1479684197655935,-0.142459,-0.550367,2.71389
1479684197678480,-0.123381,-0.54409,2.70522
1479684197692517,-0.106901,-0.532016,2.70197
1479684197721595,-0.0899737,-0.51633,2.70014
1479684197738139,-0.068929,-0.497766,2.69801
1479684197752677,-0.0478585,-0.475227,2.69789
1479684197775738,-0.0313942,-0.448092,2.7016
1479684197798300,-0.0168891,-0.419992,2.70545
1479684197819355,-0.000111425,-0.39269,2.70763
1479684197835898,0.017229,-0.364756,2.70981
1479684197858458,0.034616,-0.33689,2.71367
1479684197879514,0.0513985,-0.309826,2.71848
1479684197895557,0.0697549,-0.284983,2.72131
1479684197918118,0.0926119,-0.26105,2.72134
1479684197939173,0.115616,-0.238483,2.72107
1479684197955717,0.137498,-0.217392,2.71997
1479684197978780,0.159469,-0.198615,2.71791
1479684197999334,0.179466,-0.181436,2.71377
1479684198015879,0.199943,-0.165838,2.70811
1479684198045957,0.221121,-0.152165,2.70185
1479684198059493,0.24125,-0.140882,2.69477
1479684198075536,0.258571,-0.132989,2.68558
1479684198098096,0.274518,-0.127711,2.67481
1479684198119151,0.292858,-0.125179,2.66243
1479684198135696,0.295839,-0.12649,2.65364
1479684198158261,0.29792,-0.132121,2.64403
1479684198179312,0.300378,-0.141007,2.63359
1479684198195856,0.30244,-0.153288,2.62462
1479684198218416,0.299954,-0.168067,2.61774
1479684198239471,0.296199,-0.184113,2.61064
1479684198255514,0.285969,-0.201541,2.60581
1479684198278076,0.268423,-0.219174,2.60476
1479684198299133,0.252204,-0.239068,2.60523
1479684198323194,0.238632,-0.260898,2.60628
1479684198338235,0.220426,-0.283161,2.6095
1479684198359290,0.199603,-0.306404,2.61486
1479684198375334,0.18078,-0.330471,2.62047
1479684198398396,0.163068,-0.355304,2.62652
1479684198419451,0.146447,-0.381208,2.63289
1479684198434992,0.129514,-0.40747,2.63958
1479684198458053,0.112898,-0.434073,2.64598
1479684198479109,0.0978511,-0.460867,2.651
1479684198495152,0.0852753,-0.487849,2.65588
1479684198518213,0.0737861,-0.514905,2.66128
1479684198539269,0.0622408,-0.541442,2.66703
1479684198555312,0.0514194,-0.566395,2.67221
1479684198578875,0.042141,-0.58751,2.67588
1479684198600937,0.0320472,-0.604915,2.67931
1479684198614971,0.0197601,-0.619498,2.683
1479684198644047,0.0076688,-0.6317,2.69129
1479684198660593,-0.00183316,-0.643025,2.69954
1479684198675130,-0.0144631,-0.646574,2.70735
1479684198698193,-0.0317842,-0.640545,2.71834
1479684198720752,-0.0468487,-0.626541,2.73241
1479684198741818,-0.0504257,-0.605835,2.74586
1479684198758352,-0.0424304,-0.58006,2.75841
1479684198780914,-0.030827,-0.548679,2.77267
1479684198801968,-0.0200468,-0.512145,2.79108
1479684198818512,-0.0101966,-0.470348,2.81384
1479684198840571,-0.00159873,-0.426299,2.83845
1479684198861626,0.00737532,-0.38484,2.8632
1479684198878181,0.0207808,-0.344324,2.88555
1479684198900730,0.0411036,-0.304974,2.90675
1479684198921786,0.0625608,-0.26783,2.92814
1479684198938330,0.0824165,-0.233823,2.94936
1479684198960904,0.106506,-0.204611,2.9699
1479684198981950,0.130562,-0.178674,2.99002
1479684198998490,0.154646,-0.156902,3.00887
1479684199020550,0.179562,-0.137617,3.02558
1479684199041605,0.206035,-0.121298,3.04111
1479684199058149,0.230104,-0.107521,3.05827
1479684199080709,0.251472,-0.0959027,3.07698
1479684199101765,0.269965,-0.0868823,3.09329
1479684199118309,0.289629,-0.0792978,3.10731
1479684199140869,0.308522,-0.0733339,3.11968
1479684199161925,0.324282,-0.0699291,3.1304
1479684199178471,0.334945,-0.0685061,3.14029
1479684199201029,0.340886,-0.0673595,-3.13534
1479684199221583,0.346425,-0.0665346,-3.13042
1479684199238128,0.349536,-0.0656595,-3.12714
1479684199260689,0.349513,-0.0642683,-3.12591
1479684199281747,0.345087,-0.0622881,-3.12766
1479684199298289,0.336247,-0.0611038,-3.134
1479684199320852,0.324909,-0.0632542,3.13952
1479684199341904,0.313287,-0.0684544,3.12967
1479684199364464,0.29917,-0.0770867,3.12046
1479684199380507,0.283408,-0.0874507,3.10949
1479684199409082,0.268366,-0.10217,3.09486
1479684199417605,0.25119,-0.123027,3.07884
1479684199440667,0.23121,-0.14751,3.06121
1479684199461722,0.210536,-0.174964,3.04087
1479684199477765,0.190775,-0.207864,3.01743
1479684199500829,0.178208,-0.244118,2.98959
1479684199521882,0.169723,-0.284118,2.95886
1479684199537424,0.162436,-0.327061,2.9283
1479684199560986,0.157275,-0.36904,2.89822
1479684199583547,0.157271,-0.407563,2.86871
1479684199597584,0.160521,-0.441818,2.84081
1479684199620645,0.166656,-0.472397,2.81554
1479684199643205,0.173149,-0.497924,2.79555
1479684199664261,0.179769,-0.517308,2.78005
1479684199680805,0.185677,-0.528577,2.76928
1479684199703366,0.188716,-0.532091,2.76311
1479684199724421,0.193719,-0.527503,2.7602
1479684199740968,0.199127,-0.515874,2.76166
1479684199763525,0.20366,-0.498338,2.76781
1479684199784582,0.211225,-0.47846,2.77403
1479684199800626,0.222799,-0.455519,2.77889
1479684199823185,0.236998,-0.429626,2.7827
1479684199844240,0.2565,-0.399542,2.78595
1479684199860784,0.274644,-0.370143,2.79115
1479684199883344,0.288338,-0.342155,2.79709
1479684199904399,0.304645,-0.315925,2.80056
1479684199920944,0.32968,-0.290826,2.79902
1479684199943503,0.35645,-0.263671,2.79685
1479684199964559,0.376275,-0.242729,2.79334
1479684199980602,0.390541,-0.226067,2.79021
1479684200003162,0.404992,-0.212871,2.78501
1479684200024218,0.42104,-0.201955,2.77888
1479684200040763,0.430893,-0.196314,2.77023
1479684200063322,0.435948,-0.194787,2.75995
1479684200084378,0.437051,-0.197188,2.74934
1479684200100926,0.435959,-0.203736,2.73873
1479684200123482,0.43281,-0.212796,2.72758
1479684200144538,0.428462,-0.22247,2.71673
1479684200160581,0.421334,-0.233163,2.70792
1479684200183142,0.411031,-0.244753,2.70224
1479684200204197,0.399918,-0.256829,2.69723
1479684200221242,0.389012,-0.267348,2.69358
1479684200243301,0.375612,-0.277572,2.69279
1479684200264357,0.360426,-0.2867,2.69418
1479684200279899,0.343981,-0.296057,2.69565
1479684200303461,0.328095,-0.306784,2.6959
1479684200324517,0.310758,-0.317852,2.69639
1479684200340059,0.290196,-0.329365,2.69873
1479684200363120,0.267135,-0.341599,2.70233
1479684200384177,0.243972,-0.353292,2.70624
1479684200400219,0.224616,-0.363759,2.70853
1479684200423280,0.207165,-0.372688,2.71089
1479684200444336,0.189385,-0.380244,2.71368
1479684200460392,0.172345,-0.386868,2.71667
1479684200483440,0.155356,-0.393354,2.71985
1479684200505999,0.136843,-0.398164,2.72397
1479684200520037,0.117905,-0.402421,2.72892
1479684200543600,0.10093,-0.406079,2.73349
1479684200565661,0.0853887,-0.408911,2.73765
1479684200580197,0.0717595,-0.410794,2.74077
1479684200603258,0.0576502,-0.411985,2.74367
1479684200625818,0.0421404,-0.411534,2.74744
1479684200646876,0.0253965,-0.41011,2.75195
1479684200663419,0.00761559,-0.408178,2.75742
1479684200685978,-0.0132752,-0.404675,2.76435
1479684200707034,-0.0375281,-0.398452,2.77131
1479684200723077,-0.0620718,-0.39346,2.77807
1479684200745637,-0.0898727,-0.387432,2.78404
1479684200766704,-0.122498,-0.381072,2.79151
1479684200773711,-0.156902,-0.372338,2.79805
1479684200796272,-0.186617,-0.361308,2.80304
1479684200811311,-0.207149,-0.344449,2.80258
1479684200833871,-0.206007,-0.325591,2.79489
1479684200848410,-0.181006,-0.30782,2.78379
1479684200870970,-0.141559,-0.287813,2.76801
1479684200893530,-0.100812,-0.260961,2.75002
1479684200908570,-0.0719989,-0.224856,2.73352
1479684200931134,-0.0468903,-0.183399,2.72121
1479684200953690,-0.0220883,-0.140136,2.71169
1479684200968730,0.00906696,-0.0979517,2.70322
1479684200991290,0.0426611,-0.0600823,2.6962
1479684201013851,0.0767889,-0.0267616,2.69102
1479684201028890,0.112419,0.00230077,2.6872
1479684201050949,0.146832,0.0268231,2.68423
1479684201073509,0.183444,0.0480144,2.67993
1479684201088550,0.218656,0.0636922,2.67781
1479684201111109,0.249207,0.0687876,2.67747
1479684201133669,0.270912,0.0681019,2.67811
1479684201148710,0.288774,0.0611335,2.67809
1479684201171269,0.303712,0.0504129,2.67799
1479684201193829,0.310894,0.0364529,2.67763
1479684201208868,0.312971,0.0205052,2.67808
1479684201231431,0.305674,0.00400182,2.68169
1479684201253488,0.28979,-0.0133459,2.68918
1479684201268527,0.268854,-0.032412,2.69863
1479684201291088,0.24623,-0.052262,2.70857
1479684201313648,0.222052,-0.0728289,2.72032
1479684201328687,0.19433,-0.0942701,2.73361
1479684201351249,0.161152,-0.116683,2.74837
1479684201375311,0.126561,-0.140396,2.76263
1479684201388853,0.0967162,-0.164851,2.77714
1479684201411408,0.07177,-0.187857,2.79176
1479684201434971,0.0464707,-0.210782,2.80664
1479684201448516,0.0188766,-0.233824,2.82145
1479684201471066,-0.010651,-0.25931,2.834
1479684201493626,-0.0395207,-0.284997,2.84381
1479684201510171,-0.0670323,-0.313941,2.85034
1479684201531226,-0.111224,-0.347899,2.85952
1479684201553786,-0.176366,-0.382267,2.87228
1479684201569829,-0.264029,-0.416559,2.89171
1479684201591386,-0.352189,-0.444537,2.91662
1479684201613961,-0.413486,-0.472509,2.93339
1479684201629989,-0.455699,-0.500054,2.94605
1479684201651045,-0.474378,-0.524332,2.94138
1479684201673619,-0.467061,-0.550654,2.92429
1479684201696166,-0.445721,-0.573001,2.90556
1479684201718725,-0.415817,-0.588837,2.89061
1479684201733766,-0.388083,-0.592796,2.87766
1479684201750314,-0.356176,-0.588743,2.86401
1479684201771365,-0.318163,-0.578024,2.85195
1479684201793424,-0.277656,-0.559053,2.83954
1479684201809968,-0.239201,-0.532709,2.83073
1479684201831037,-0.201305,-0.500199,2.82557
1479684201853583,-0.162861,-0.464397,2.82273
1479684201870130,-0.12032,-0.425793,2.82163
1479684201891183,-0.0740291,-0.383487,2.82272
1479684201913746,-0.0316452,-0.341038,2.82832
1479684201930290,0.00860517,-0.299148,2.83247
1479684201951343,0.0536081,-0.258915,2.8355
1479684201973402,0.101819,-0.218495,2.84074
1479684201991450,0.149424,-0.177663,2.84802
1479684202011002,0.197782,-0.141136,2.8567
1479684202033565,0.244539,-0.108529,2.86567
1479684202051610,0.289869,-0.0794545,2.87537
1479684202071162,0.33238,-0.0522446,2.88745
1479684202093722,0.363667,-0.0327297,2.89708
1479684202111770,0.385241,-0.0218362,2.90338
1479684202131323,0.400942,-0.0169973,2.9072
1479684202153380,0.415498,-0.0176661,2.90945
1479684202175940,0.430655,-0.0191567,2.90927
1479684202190981,0.441276,-0.0213969,2.9084
1479684202213542,0.444195,-0.0260626,2.90596
1479684202236101,0.43849,-0.0320981,2.90635
1479684202252645,0.428601,-0.0383158,2.91066
1479684202273701,0.416542,-0.0427739,2.91952
1479684202296261,0.403137,-0.0432574,2.93219
1479684202311301,0.392619,-0.040455,2.94945
1479684202333861,0.378217,-0.0344215,2.9725
1479684202356420,0.365884,-0.0244154,3.00068
1479684202370959,0.354611,-0.0121983,3.03233
1479684202395037,0.345762,0.00261512,3.06559
1479684202419088,0.3395,0.0181949,3.1005
1479684202431122,0.336763,0.0355813,3.13625
1479684202461208,0.339317,0.0530722,-3.10934
1479684202476240,0.342932,0.0696532,-3.07052
1479684202491279,0.349552,0.0858994,-3.03172
1479684202513845,0.358735,0.100383,-2.99249
1479684202536399,0.370645,0.113745,-2.95578
1479684202550938,0.385863,0.12591,-2.92139
1479684202573498,0.401856,0.135178,-2.88935
1479684202596058,0.413895,0.141511,-2.86037
1479684202611098,0.424984,0.143316,-2.83527
1479684202633659,0.434504,0.14358,-2.81618
1479684202656218,0.442503,0.142645,-2.80303
1479684202672762,0.444452,0.139386,-2.79698
1479684202696827,0.437175,0.132128,-2.79882
1479684202716378,0.426378,0.124037,-2.80559
1479684202738436,0.41219,0.116979,-2.81635
1479684202760997,0.393797,0.110816,-2.83105
1479684202785061,0.369701,0.105182,-2.84963
1479684202791076,0.344692,0.100316,-2.87053
1479684202813639,0.318697,0.0946807,-2.89343
1479684202836197,0.289265,0.0861501,-2.91888
1479684202852741,0.255702,0.0743671,-2.94703
1479684202873797,0.222639,0.0592905,-2.97874
1479684202896357,0.193057,0.0413623,-3.01425
1479684202912400,0.167763,0.0200281,-3.05316
1479684202933456,0.145311,-0.00551822,-3.09439
1479684202956015,0.125275,-0.034277,-3.13726
1479684202972560,0.105204,-0.0674065,3.10257
1479684202996626,0.0854496,-0.103087,3.06034
1479684203016175,0.066644,-0.14144,3.01977
1479684203040239,0.0488381,-0.176887,2.98083
1479684203053775,0.0279077,-0.20951,2.94369
1479684203076336,0.00238806,-0.240308,2.91063
1479684203092378,-0.0185954,-0.269196,2.88038
1479684203113435,-0.0354739,-0.294662,2.85492
1479684203135994,-0.0539767,-0.318742,2.83522
1479684203152538,-0.0754588,-0.34183,2.8215
1479684203173594,-0.0984062,-0.363083,2.81453
1479684203196154,-0.124407,-0.38159,2.81488
1479684203212701,-0.151604,-0.39758,2.82143
1479684203233754,-0.179682,-0.411839,2.83337
1479684203256314,-0.207899,-0.425468,2.84866
1479684203272357,-0.235648,-0.437183,2.86721
1479684203293413,-0.268969,-0.44485,2.89124
1479684203315973,-0.30602,-0.451093,2.92017
1479684203334021,-0.343067,-0.455132,2.95082
1479684203353573,-0.377604,-0.456522,2.98253
1479684203376133,-0.409943,-0.455619,3.0145
1479684203394181,-0.440515,-0.450819,3.04519
1479684203413736,-0.469809,-0.444996,3.0775
1479684203436296,-0.492567,-0.440231,3.10729
1479684203453840,-0.504185,-0.436419,3.13082
1479684203473392,-0.50543,-0.429856,-3.13673
1479684203496455,-0.498245,-0.420724,-3.12814
1479684203514001,-0.481881,-0.412124,-3.12711
1479684203533552,-0.456008,-0.404346,-3.13423
1479684203556112,-0.422089,-0.395116,3.13543
1479684203574160,-0.386248,-0.383042,3.11923
1479684203593711,-0.354303,-0.370538,3.1027
1479684203616273,-0.322595,-0.358954,3.08471
1479684203638831,-0.287724,-0.348178,3.06513
1479684203653873,-0.250346,-0.334698,3.0459
1479684203675930,-0.218378,-0.319704,3.02794
1479684203698491,-0.1904,-0.306455,3.01038
1479684203713534,-0.162471,-0.295357,2.99364
1479684203736092,-0.134083,-0.28419,2.9789
1479684203758650,-0.114175,-0.271766,2.96778
1479684203773691,-0.100879,-0.260875,2.9557
1479684203796251,-0.0796948,-0.25167,2.93998
1479684203818810,-0.0480175,-0.243367,2.92398
1479684203833348,-0.0153244,-0.233589,2.91045
1479684203855909,0.00863965,-0.223498,2.8982
1479684203878469,0.0295355,-0.215252,2.88455
1479684203893541,0.0538986,-0.206008,2.86875
1479684203916068,0.0751027,-0.194883,2.85449
1479684203938629,0.0917993,-0.18256,2.84511
1479684203955173,0.103051,-0.170087,2.84085
1479684203976229,0.111779,-0.157755,2.83813
1479684203998789,0.120133,-0.145524,2.8368
1479684204015333,0.126911,-0.133,2.83741
1479684204036389,0.133196,-0.120675,2.84018
1479684204058447,0.139835,-0.109131,2.84386
1479684204074992,0.146258,-0.0982675,2.84941
1479684204096048,0.149677,-0.0902784,2.85754
1479684204118608,0.152636,-0.0830123,2.86575
1479684204135153,0.158235,-0.0782623,2.87374
1479684204156208,0.164877,-0.0733863,2.88114
1479684204178767,0.172546,-0.0707241,2.8893
1479684204195312,0.182165,-0.0682955,2.89638
1479684204216368,0.19254,-0.0668428,2.90349
1479684204238426,0.201807,-0.065992,2.91218
1479684204254970,0.209067,-0.0635778,2.92321
1479684204276026,0.213819,-0.0602341,2.93632
1479684204298597,0.215731,-0.0553673,2.95051
1479684204323152,0.220218,-0.0490365,2.96657
1479684204336186,0.226849,-0.0418565,2.98678
1479684204360250,0.231572,-0.0326459,3.01052
1479684204376293,0.23621,-0.0222286,3.03542
1479684204403364,0.244223,-0.0120176,3.06103
1479684204418406,0.251772,-0.001601,3.08909
1479684204436453,0.258473,0.00816352,3.11951
1479684204456005,0.264181,0.0176393,-3.13161
1479684204478565,0.269012,0.0254229,-3.0991
1479684204496614,0.27944,0.0326418,-3.06758
1479684204516165,0.295318,0.0401907,-3.03881
1479684204538725,0.308593,0.0468186,-3.01452
1479684204556786,0.318021,0.052492,-2.99445
1479684204576325,0.325069,0.0563958,-2.97789
1479684204598384,0.332662,0.0590134,-2.9657
1479684204616436,0.339809,0.0624826,-2.95807
1479684204635984,0.344546,0.064918,-2.95505
1479684204661551,0.344687,0.0666216,-2.95561
1479684204681107,0.341752,0.0677283,-2.95916
1479684204696144,0.339499,0.0683851,-2.96561
1479684204718703,0.337533,0.0693346,-2.97476
1479684204736251,0.334071,0.0713611,-2.98537
1479684204756303,0.32915,0.0737694,-2.9964
1479684204778362,0.320771,0.0753995,-3.00781
1479684204796415,0.309548,0.0759132,-3.02041
1479684204815962,0.295834,0.073914,-3.0362
1479684204838523,0.277467,0.0669668,-3.05564
1479684204856571,0.253517,0.0561026,-3.07842
1479684204877627,0.227602,0.0398437,-3.10632
1479684204898682,0.198003,0.0179559,-3.13834
1479684204916730,0.161586,-0.00822598,3.11007
1479684204937786,0.119662,-0.0371843,3.076
1479684204960346,0.0750036,-0.0662169,3.04485
1479684204976389,0.0302734,-0.0955385,3.01823
1479684204997445,-0.0144995,-0.124412,2.99463
1479684205018501,-0.0571915,-0.155806,2.97082
1479684205036549,-0.0931987,-0.186452,2.946
1479684205057605,-0.116771,-0.214026,2.91986
1479684205078661,-0.126647,-0.239598,2.89706
1479684205101222,-0.130919,-0.264678,2.87962
1479684205117773,-0.137045,-0.288164,2.86874
1479684205138822,-0.152599,-0.307136,2.864
1479684205161380,-0.173001,-0.322899,2.86367
1479684205177424,-0.191584,-0.337386,2.86617
1479684205198479,-0.205536,-0.350948,2.86915
1479684205221039,-0.21817,-0.363845,2.87296
1479684205239088,-0.232263,-0.376401,2.87787
1479684205258639,-0.250345,-0.390298,2.88386
1479684205281199,-0.272799,-0.404969,2.89108
1479684205299248,-0.2935,-0.419653,2.89794
1479684205318799,-0.312912,-0.43776,2.90333
1479684205341360,-0.332114,-0.458915,2.90885
1479684205358907,-0.353599,-0.48186,2.91357
1479684205378458,-0.370176,-0.506262,2.91733
1479684205401018,-0.384846,-0.5306,2.92164
1479684205419067,-0.396252,-0.552547,2.92592
1479684205438618,-0.398943,-0.573435,2.93049
1479684205461178,-0.393411,-0.591411,2.93476
1479684205479227,-0.382358,-0.602773,2.93515
1479684205498778,-0.360875,-0.611341,2.92884
1479684205521350,-0.329678,-0.616319,2.91914
1479684205538886,-0.292838,-0.616093,2.90626
1479684205558437,-0.253093,-0.60852,2.89004
1479684205580997,-0.215472,-0.593772,2.875
1479684205599045,-0.177964,-0.57553,2.86237
1479684205618606,-0.135353,-0.552359,2.8487
1479684205641157,-0.0892874,-0.522577,2.83584
1479684205659205,-0.0494596,-0.486122,2.83007
1479684205680263,-0.0174933,-0.448829,2.82763
1479684205702320,0.0164553,-0.411131,2.82493
1479684205718869,0.0557371,-0.372338,2.82428
1479684205738415,0.0983783,-0.331519,2.82791
1479684205760975,0.132433,-0.293367,2.83504
1479684205779024,0.162725,-0.258181,2.8412
1479684205798576,0.196691,-0.226191,2.84504
1479684205821135,0.234659,-0.195925,2.84978
1479684205839184,0.269381,-0.167831,2.85691
1479684205860239,0.296101,-0.145764,2.8641
1479684205881295,0.321087,-0.126312,2.86934
1479684205898842,0.345041,-0.109368,2.87471
1479684205919898,0.369108,-0.0945053,2.88135
1479684205940954,0.388113,-0.0818169,2.88957
1479684205959003,0.398336,-0.0726499,2.89705
1479684205980071,0.408584,-0.0656404,2.90367
1479684206001114,0.418087,-0.061549,2.9109
1479684206026683,0.423231,-0.0585059,2.92059
1479684206040218,0.426116,-0.056437,2.93293
1479684206068794,0.428542,-0.0536749,2.94634
1479684206078821,0.429355,-0.0501966,2.962
1479684206099878,0.428322,-0.0458112,2.97967
1479684206120933,0.423571,-0.0421766,2.99794
1479684206138981,0.419012,-0.0383105,3.01668
1479684206160037,0.415817,-0.0340341,3.03532
1479684206181094,0.412781,-0.028657,3.05551
1479684206199142,0.409441,-0.0222594,3.07699
1479684206221701,0.405781,-0.0148085,3.09966
1479684206241253,0.403201,-0.00638826,3.12347
1479684206258800,0.405141,0.00243648,-3.13586
1479684206281360,0.409117,0.0132629,-3.11117
1479684206300935,0.414992,0.0249715,-3.08594
1479684206318960,0.424082,0.0377623,-3.05927
